instance_id,num_agents,num_resources,prop_status,prop_time_in_seconds,prop_num_sharing,prop_product,ef_status,ef_time_in_seconds,ef_num_sharing,ef_product,maxprod1_status,maxprod1_time_in_seconds,maxprod1_num_sharing,maxprod1_product,maxprod0_status,maxprod0_time_in_seconds,maxprod0_num_sharing,maxprod0_product
18,3,5,OK,0.062215,0,260624999.99999985,OK,0.29231399999999996,0,249999999.9999998,OK,2.385061,2,263572053.4999997,,,,
19,3,5,OK,0.056009,0,234374999.99999985,OK,0.34665300000000004,1,199309418.0000001,OK,2.009257,2,243147536.72500017,,,,
23,2,3,OK,0.026024000000000002,0,999999.9999999995,OK,0.036074,0,999999.9999999995,OK,0.020697999999999998,0,999999.9999999995,,,,
24,3,3,OK,0.028234,0,98577023.99999988,OK,0.197741,1,103126774.46489608,OK,0.689405,2,105783399.54524156,,,,
25,2,3,OK,0.027260000000000003,1,249999.99999999985,OK,0.037044,1,249999.99999999985,OK,0.026115,1,249999.99999999985,,,,
26,3,3,OK,0.046672000000000005,2,37835673.24639157,OK,0.068139,2,37837851.02627271,OK,0.067922,2,40019060.71878826,,,,
27,3,3,OK,0.034363,2,40982490.1683891,OK,0.078733,2,41105640.55612357,OK,0.062901,2,41021220.52422577,,,,
28,2,3,OK,0.049078,1,271058.67847800034,OK,0.070881,1,271399.3793279998,OK,0.025463999999999997,1,272156.88943800004,,,,
29,3,3,OK,0.045518,0,86272007.99999987,OK,0.5190140000000001,1,86800217.62099181,OK,1.546478,2,96043225.95141792,,,,
31,3,3,OK,0.041279,0,950000000.0000012,OK,0.073439,0,950000000.0000012,OK,0.037038999999999996,0,950000000.0000012,,,,
51,2,4,OK,0.040389,0,432288.0,OK,0.059036,0,432288.0,OK,0.12091800000000001,1,446732.07208000025,,,,
52,2,3,OK,0.030587,0,318280.0000000003,OK,0.047612,0,318280.0000000003,OK,0.039701,0,318280.0000000003,,,,
53,2,3,OK,0.044552999999999995,1,275905.90124399995,OK,0.075833,1,276541.702716,OK,0.041759,1,277084.1679509997,,,,
61,2,10,OK,0.063956,0,499999.9999999997,OK,0.173232,0,499999.9999999997,OK,0.288889,0,612500.0000000001,,,,
85,3,4,OK,0.08463999999999999,0,83690203.99999984,OK,1.600855,1,91423064.93240386,OK,1.7875740000000002,2,92031481.73382798,,,,
94,2,3,OK,0.021571,1,249999.99999999985,OK,0.028107999999999998,1,249999.99999999985,OK,0.020166999999999997,1,249999.99999999985,,,,
110,2,7,OK,0.05705800000000001,0,387420.0000000004,OK,0.048386,0,387420.0000000004,OK,0.07812100000000001,0,395998.00000000006,,,,
135,3,4,OK,0.16489600000000001,1,61447641.75264001,OK,0.278147,1,61546211.93600005,OK,0.8782049999999999,2,61848043.87267936,,,,
164,3,8,OK,0.065798,1,38914196.53680003,OK,1.9152509999999998,2,38925776.70604799,OK,0.9164180000000001,2,38936539.05261121,,,,
166,2,9,OK,0.043749,0,340095.00000000023,OK,0.065598,0,340095.00000000023,OK,0.091615,1,340248.7851959999,,,,
179,2,4,OK,0.025131,1,321192.9032000001,OK,0.039982,1,321102.5992020001,OK,0.026889999999999997,1,321195.83097800013,,,,
187,2,3,OK,0.020958,1,249999.9724440004,OK,0.026129000000000003,1,249999.9724440004,OK,0.018047,1,249999.97211100013,,,,
202,4,10,OK,0.08906499999999999,0,17480759742.000027,OK,2.65781,0,13158425718.00004,TimeOut,999.000503,3,0.0,,,,
209,2,4,OK,0.024071000000000002,0,515712.00000000006,OK,0.032175999999999996,0,515712.00000000006,OK,0.022212,0,515712.00000000006,,,,
223,2,3,OK,0.019178999999999998,1,276717.3243,OK,0.026355,1,277633.15807500004,OK,0.01936,1,278500.4908,,,,
317,2,3,OK,0.019873,1,294513.6779099998,OK,0.025908999999999998,1,294513.6779099998,OK,0.024361,1,294544.4999999997,,,,
337,2,3,OK,0.037755000000000004,1,249999.99999999985,OK,0.030188999999999997,1,249999.99999999985,OK,0.021273,1,249999.99999999985,,,,
338,2,5,OK,0.027241,1,375722.0251999997,OK,0.036754,1,379353.2508679997,OK,0.025707999999999998,1,382802.07999999967,,,,
340,3,3,OK,0.07841000000000001,1,143922875.13800004,OK,0.127947,1,162062755.96800026,OK,0.072796,1,197803246.33799964,,,,
357,2,3,OK,0.027774,0,645191.9999999994,OK,0.040645,0,645191.9999999994,OK,0.081118,1,645199.0112999997,,,,
361,3,3,OK,0.024489,2,62658396.32975995,OK,0.043461,2,62638993.31536005,OK,0.026117,2,63783178.17580794,,,,
362,3,3,OK,0.028748000000000006,1,67188886.26278394,OK,0.075352,1,67111545.83654389,OK,0.027068000000000002,1,67194784.14950398,,,,
432,2,4,OK,0.024477000000000002,0,399999.99999999936,OK,0.031735,0,399999.99999999936,OK,0.045894,1,449999.99999999953,,,,
438,2,3,OK,0.019403,0,398792.0,OK,0.025942000000000003,0,398792.0,OK,0.036379,1,404831.22514899954,,,,
465,3,3,OK,0.025668,1,63125808.92800009,OK,0.460534,2,69674302.59235199,OK,0.25546199999999997,2,70430281.11761595,,,,
481,2,3,OK,0.021816,0,398068.9999999996,OK,0.030470999999999998,0,398068.9999999996,OK,0.018657,0,398068.9999999996,,,,
503,3,3,OK,0.037689999999999994,2,36926037.00000001,OK,0.070637,2,36926037.00000001,OK,0.035480000000000005,2,36926037.00000001,,,,
522,2,3,OK,0.030106,1,343872.11909600004,OK,0.039523,1,346876.11858400033,OK,0.021246,1,352622.5779839997,,,,
537,2,3,OK,0.02074,0,602139.9999999993,OK,0.028734,0,602139.9999999993,OK,0.017709,0,602139.9999999993,,,,
549,2,3,OK,0.0185,1,329269.99474000005,OK,0.024719,1,329335.21600000025,OK,0.020269,1,329831.2267399999,,,,
558,2,3,OK,0.018953,1,250500.24999999988,OK,0.026061,1,250500.24999999988,OK,0.019049,1,250500.24999999988,,,,
608,2,3,OK,0.019138,1,312909.47999999986,OK,0.025747000000000003,1,316628.73,OK,0.018785,1,321428.5199999998,,,,
644,3,3,OK,0.024599,0,325778256.0000004,OK,0.047174,0,325778256.0000004,OK,0.024986,0,325778256.0000004,,,,
662,2,3,OK,0.035089999999999996,0,739859.9999999999,OK,0.029775,0,739859.9999999999,OK,0.03483,0,746236.0000000001,,,,
693,2,3,OK,0.01934,0,503754.0,OK,0.025943,0,503754.0,OK,0.019271,0,503754.0,,,,
760,2,3,OK,0.022584,1,375162.53049999976,OK,0.026737999999999998,1,375198.79528000025,OK,0.019294,1,375329.685345,,,,
765,3,3,OK,0.03082,0,116678016.00000012,OK,0.278609,1,116556217.38560826,OK,0.117671,1,116685440.44903204,,,,
766,2,3,OK,0.019204,0,444912.00000000006,OK,0.027338,0,444912.00000000006,OK,0.019001,0,444912.00000000006,,,,
863,2,3,OK,0.034229,0,328720.0,OK,0.030400999999999997,0,328720.0,OK,0.018177000000000002,0,328720.0,,,,
910,2,3,OK,0.019136,1,354546.2533759997,OK,0.026938999999999998,1,358080.9263359999,OK,0.018749000000000002,1,364762.18240000034,,,,
928,2,3,OK,0.018982,0,794000.0000000001,OK,0.025099,0,794000.0000000001,OK,0.018113,0,794000.0000000001,,,,
975,2,4,OK,0.023144,0,332252.99999999994,OK,0.033483,0,332252.99999999994,OK,0.07091499999999999,1,332297.83468,,,,
980,2,3,OK,0.020265000000000002,1,252994.892171,OK,0.026847000000000003,1,252994.892171,OK,0.017874,1,253002.97477899998,,,,
999,3,3,OK,0.027219,0,185823800.0000001,OK,0.190056,1,167189012.98400036,OK,0.069553,1,185831138.86399984,,,,
1002,2,5,OK,0.026398,0,447000.00000000006,OK,0.05534,0,447000.00000000006,OK,0.026968000000000002,0,447000.00000000006,,,,
1008,2,3,OK,0.02002,0,746461.0000000003,OK,0.026320999999999997,0,746461.0000000003,OK,0.018308,0,746461.0000000003,,,,
1019,2,3,OK,0.018994999999999998,1,334445.76,OK,0.029343,1,337025.73128400004,OK,0.019512,1,345471.75810000044,,,,
1064,2,3,OK,0.019103,0,387768.0000000004,OK,0.025347,0,387768.0000000004,OK,0.018029,0,387768.0000000004,,,,
1066,3,3,OK,0.025344,1,103149830.78400023,OK,0.045495,1,105548110.97600009,OK,0.02556,1,106428661.031,,,,
1105,3,17,OK,0.131551,0,326199599.9999996,OK,0.21882600000000002,0,326199599.9999996,OK,7.757578,0,488991999.9999988,,,,
1156,2,3,OK,0.019025,1,249999.9999359999,OK,0.025814999999999998,1,249999.9999359999,OK,0.01857,1,249999.9999359999,,,,
1193,2,3,OK,0.01932,1,254216.5583999997,OK,0.02508,1,254209.92806900002,OK,0.018642,1,254244.478389,,,,
1198,2,3,OK,0.019313999999999998,1,251760.5547660001,OK,0.025178,1,251757.8022959997,OK,0.018229,1,251763.02234999984,,,,
1214,2,3,OK,0.022788,0,442000.00000000023,OK,0.02735,0,442000.00000000023,OK,0.075027,1,533038.4125000001,,,,
1223,2,3,OK,0.018629,0,503150.00000000006,OK,0.026069,0,503150.00000000006,OK,0.019099,0,503150.00000000006,,,,
1241,2,5,OK,0.026811,1,291452.199,OK,0.056291999999999995,1,291303.90075999976,OK,0.028869,1,291493.9161599999,,,,
1252,3,3,OK,0.023731,1,57769147.53561611,OK,0.043565,1,59714875.67601606,OK,0.025749,1,59718770.00060406,,,,
1287,2,3,OK,0.020331000000000002,0,686000.0000000002,OK,0.029722000000000002,0,686000.0000000002,OK,0.018666,0,686000.0000000002,,,,
1348,5,6,OK,1.078682,2,5952477164400.008,OK,849.2612320000003,3,2518749999999.9995,OK,356.258517,3,6129614308147.199,,,,
1399,2,5,OK,0.028810000000000002,0,298099.99999999965,OK,0.039352,0,298099.99999999965,OK,0.028354,0,298099.99999999965,,,,
1407,3,3,OK,0.027691000000000004,1,99818081.99999993,OK,0.548079,2,94721272.55136012,OK,0.273252,2,105288281.38993506,,,,
1416,2,3,OK,0.022788,0,620585.0000000009,OK,0.033083,0,620585.0000000009,OK,0.022945,0,620585.0000000009,,,,
1495,2,10,OK,0.059076,0,571999.9999999998,OK,0.08693300000000001,0,571999.9999999998,OK,0.13788599999999998,0,597024.9999999997,,,,
1545,2,8,OK,0.045313,1,251249.81350500011,OK,0.082789,1,251249.5055199999,OK,0.048081,1,251249.31250000012,,,,
1548,2,8,OK,0.05184400000000002,1,334288.705568,OK,0.069367,1,334940.15029999963,OK,0.045058,1,337026.4488119997,,,,
1579,2,3,OK,0.019431,1,271949.0949120002,OK,0.027586000000000003,1,271923.33120000013,OK,0.023312,1,271949.4248000001,,,,
1621,3,7,OK,0.060515,1,197947749.99999958,OK,0.100358,1,197950921.1189999,OK,0.06644800000000001,1,197952560.07100013,,,,
1635,2,3,OK,0.021036000000000003,0,514254.0,OK,0.02855,0,514254.0,OK,0.018266,0,514254.0,,,,
1670,2,5,OK,0.031293,1,468411.91334400047,OK,0.062266999999999996,1,470133.9624,OK,0.031954,1,472809.9734159997,,,,
1675,2,4,OK,0.031952999999999995,1,249999.99999999985,OK,0.040283,1,249999.99999999985,OK,0.027188999999999998,1,249999.99999999985,,,,
1692,2,5,OK,0.027767,0,401467.99999999977,OK,0.038933999999999996,0,401467.99999999977,OK,0.081205,1,420156.1848010003,,,,
1703,3,3,OK,0.33169,2,37037037.035259336,OK,0.640133,2,37037037.035259336,OK,0.375429,2,37037037.035259336,,,,
1716,2,4,OK,0.026972000000000003,0,249999.99999999985,OK,0.033315,0,249999.99999999985,OK,0.023781999999999998,0,249999.99999999985,,,,
1723,2,3,OK,0.022345,1,294335.86662400013,OK,0.027811000000000002,1,294880.80240000016,OK,0.019738,1,296012.45078399987,,,,
1726,2,4,OK,0.023042,0,495666.0,OK,0.038528,0,495666.0,OK,0.187722,1,498947.2006500005,,,,
1730,3,4,OK,0.064457,1,77101289.91961208,OK,0.0757,1,80017111.52826305,OK,0.49081400000000003,2,81622385.09081994,,,,
1745,2,3,OK,0.022223,0,428270.00000000023,OK,0.030997000000000007,0,428270.00000000023,OK,0.063394,1,429735.47955200006,,,,
1762,3,6,OK,0.11008699999999999,1,38874729.06345612,OK,0.691969,1,47535768.76039202,OK,0.355377,1,47549282.34375009,,,,
1765,2,3,OK,0.023749,0,429632.00000000006,OK,0.031038999999999997,0,429632.00000000006,OK,0.043108,1,433147.8295039999,,,,
1766,2,5,OK,0.036537,0,285499.9999999997,OK,0.044955,0,285499.9999999997,OK,0.065256,1,288166.85312000004,,,,
1775,2,3,OK,0.022883,1,250500.24999999988,OK,0.046773,1,250500.24999999988,OK,0.020418000000000002,1,250500.24999999988,,,,
1815,2,3,OK,0.022999000000000002,1,249999.99999999985,OK,0.028026,1,249999.99999999985,OK,0.01908,1,249999.99999999985,,,,
1826,2,3,OK,0.021377,1,309862.09858800005,OK,0.027748000000000002,1,315840.0069120004,OK,0.018137,1,321563.0360280002,,,,
1842,3,5,OK,0.037848,0,414000000.0000001,OK,0.066761,0,414000000.0000001,OK,0.037943,0,414000000.0000001,,,,
1843,3,4,OK,0.032205000000000004,0,119219472.00000022,OK,4.173614,2,119233775.60913138,OK,2.363147,2,219480915.53555825,,,,
1850,3,5,OK,0.190141,2,37037031.91918686,OK,0.40321999999999997,2,37037031.91918686,OK,0.21225300000000002,2,37037029.78834547,,,,
1854,2,10,OK,0.057964999999999996,1,266221.503392,OK,0.077669,1,266369.5592999998,OK,0.058936,1,266670.72931199986,,,,
1866,3,3,OK,0.147679,1,40244067.50000005,OK,0.338163,1,40247000.67500001,OK,0.589519,2,40304991.55200004,,,,
1878,4,8,OK,0.088149,0,19526472000.0,OK,1.0108139999999999,0,35446296600.00006,TimeOut,999.001127,3,0.0,,,,
1883,3,3,OK,0.041093,1,139912873.09999996,OK,0.069401,1,140525000.00000003,OK,0.043735,1,140525000.00000003,,,,
1891,2,4,OK,0.040099,1,259900.51230000012,OK,0.06214500000000001,1,259914.8296750001,OK,0.042642,1,260073.6916750003,,,,
1901,3,3,OK,0.564538,2,43004371.410000056,OK,1.609257,2,76094777.05199988,OK,0.745632,2,77777677.40399991,,,,
1933,2,3,OK,0.019187,0,355774.9999999996,OK,0.029498000000000007,0,355774.9999999996,OK,0.019003,0,355774.9999999996,,,,
1935,2,3,OK,0.019254,0,666000.0,OK,0.026338999999999998,0,666000.0,OK,0.018857,0,666000.0,,,,
1939,2,8,OK,0.039302,0,287500.0,OK,0.060699,0,287500.0,OK,0.09991799999999999,1,293107.19647999987,,,,
1957,2,3,OK,0.019305000000000003,0,499999.9999999997,OK,0.026260000000000002,0,499999.9999999997,OK,0.078584,1,562499.9999999999,,,,
1958,2,3,OK,0.020568,0,710561.9999999997,OK,0.025026,0,710561.9999999997,OK,0.018713,0,710561.9999999997,,,,
1967,2,3,OK,0.019415,1,249999.99999999985,OK,0.030220999999999998,1,249999.99999999985,OK,0.0182,1,249999.99999999985,,,,
1968,3,5,OK,0.0375,0,114953184.0000003,OK,0.06614600000000001,0,114953184.0000003,OK,0.036601999999999996,0,114953184.0000003,,,,
1973,2,3,OK,0.022509,1,359173.44105600024,OK,0.027537,1,359726.09534399986,OK,0.019936000000000002,1,360884.41278400016,,,,
1988,2,3,OK,0.024275,1,291464.8794000001,OK,0.030151999999999998,1,295883.81545599987,OK,0.025101,1,298973.87133600033,,,,
1991,2,3,OK,0.027423000000000003,0,441136.00000000047,OK,0.031322,0,441136.00000000047,OK,0.025028,0,441136.00000000047,,,,
1998,2,3,OK,0.025325999999999998,1,270978.2676320002,OK,0.033227,1,272243.2699999998,OK,0.025837,1,272882.51154799986,,,,
2010,2,3,OK,0.032671,1,253012.5777919998,OK,0.042008,1,253015.03603200012,OK,0.033216,1,253017.30055199986,,,,
2027,2,7,OK,0.06300599999999999,1,417962.08,OK,0.10847799999999999,1,439551.9999999997,OK,0.03928,1,480769.11999999936,,,,
2035,2,5,OK,0.027239999999999997,1,249999.99999999985,OK,0.043868,1,249999.99999999985,OK,0.026133,1,249999.99999999985,,,,
2049,2,4,OK,0.022655,0,399089.9999999996,OK,0.030425,0,399089.9999999996,OK,0.031829,0,399089.9999999996,,,,
2089,2,3,OK,0.022483000000000003,1,263682.4881339997,OK,0.030769,1,263632.05429600016,OK,0.018661,1,263742.8994459998,,,,
2093,2,3,OK,0.018401,1,249999.99999999985,OK,0.027677999999999998,1,249999.99999999985,OK,0.022733,1,249999.99999999985,,,,
2130,2,3,OK,0.018411,0,499999.9999999997,OK,0.025573,0,499999.9999999997,OK,0.055675,1,545164.7759999996,,,,
2132,2,4,OK,0.02192,1,254600.38909200023,OK,0.039345,1,254592.7454719996,OK,0.024963,1,254637.4263720002,,,,
2139,2,3,OK,0.019421,1,268270.61286,OK,0.026889999999999997,1,268504.73304000025,OK,0.017921,1,269046.84150000033,,,,
2147,2,3,OK,0.020307,0,396500.00000000006,OK,0.025695,0,396500.00000000006,OK,0.017962,0,396500.00000000006,,,,
2153,2,3,OK,0.019352,1,410578.6649999999,OK,0.025807,1,423962.4999999996,OK,0.018826,1,467289.62500000064,,,,
2180,2,3,OK,0.025892000000000002,1,266042.2222750001,OK,0.030451,1,265917.2540440001,OK,0.018275,1,266044.25742399995,,,,
2191,2,4,OK,0.022605,1,249999.99999999985,OK,0.030685000000000007,1,249999.99999999985,OK,0.022433,1,249999.99999999985,,,,
2196,2,3,OK,0.019513,1,249999.99999600038,OK,0.024966,1,249999.99999600038,OK,0.020552,1,249999.99999600038,,,,
2206,3,3,OK,0.025211,1,188249999.99999967,OK,0.043519,1,188249999.99999967,OK,0.029822,1,188249999.99999967,,,,
2208,3,4,OK,0.033347,0,100079999.99999996,OK,0.161935,0,116759999.99999984,OK,0.443903,1,121171888.76000004,,,,
2214,2,3,OK,0.021934,0,374999.99999999953,OK,0.027338,0,374999.99999999953,OK,0.073126,1,390624.9999999997,,,,
2234,3,4,OK,0.066544,1,40560043.86012006,OK,0.9791110000000001,2,81147631.16476946,OK,0.5334770000000001,2,83300413.90170552,,,,
2245,3,7,OK,0.052007000000000005,0,65788800.00000002,OK,0.089584,0,65788800.00000002,OK,3.2983309999999997,2,66414682.39220509,,,,
2246,3,3,OK,0.052368,1,60273672.28173604,OK,0.29879,2,63250947.45898289,OK,0.153167,2,63358044.9421903,,,,
2257,2,3,OK,0.019306,0,360680.00000000006,OK,0.025709,0,360680.00000000006,OK,0.035233999999999994,1,370880.7191000001,,,,
2265,2,3,OK,0.018882,0,358019.99999999977,OK,0.02613,0,358019.99999999977,OK,0.019062,0,358019.99999999977,,,,
2269,3,4,OK,0.034929,0,94814999.99999978,OK,0.069724,0,94814999.99999978,OK,0.048692,0,94814999.99999978,,,,
2275,2,3,OK,0.032060000000000005,1,273768.0491519996,OK,0.038949,1,274463.2328719999,OK,0.031136,1,274698.1803920001,,,,
2284,2,3,OK,0.036192,0,438102.00000000047,OK,0.043439,0,438102.00000000047,OK,0.085047,1,467353.64340000047,,,,
2316,3,3,OK,0.066509,0,466783372.0000009,OK,0.07288,0,466783372.0000009,OK,0.037426999999999995,0,466783372.0000009,,,,
2348,2,3,OK,0.034217000000000004,0,499999.9999999997,OK,0.049812,0,499999.9999999997,OK,0.048429,0,728999.9999999999,,,,
2352,2,3,OK,0.029082999999999998,0,516963.99999999953,OK,0.035689,0,516963.99999999953,OK,0.025962,0,516963.99999999953,,,,
2356,2,3,OK,0.024074,0,499999.9999999997,OK,0.029444,0,499999.9999999997,OK,0.122279,1,562499.9999999999,,,,
2363,2,3,OK,0.035983999999999995,0,493322.9999999993,OK,0.052017999999999995,0,493322.9999999993,OK,0.06529299999999999,1,493694.97360000026,,,,
2409,2,3,OK,0.035358,1,359750.4403479995,OK,0.051102,1,359740.69996699993,OK,0.030772000000000008,1,359964.8311030003,,,,
2444,2,3,OK,0.036198,1,249999.9599999997,OK,0.048824,1,249999.9599999997,OK,0.031906,1,249999.84000000003,,,,
2446,2,3,OK,0.03393,1,249999.9724440004,OK,0.046779,1,249999.9724440004,OK,0.037276,1,249999.97211100013,,,,
2460,2,5,OK,0.05375,1,411567.52099999954,OK,0.060355999999999986,1,414612.625,OK,0.039671,1,418234.25579000026,,,,
2482,3,3,OK,0.028049,0,135301979.99999994,OK,0.13767000000000001,1,134939691.03581962,OK,0.081038,1,137834710.9807801,,,,
2490,2,3,OK,0.024294,0,299999.9999999999,OK,0.029082,0,299999.9999999999,OK,0.021175,0,299999.9999999999,,,,
2501,3,4,OK,0.034631999999999996,0,105423120.0,OK,0.669758,1,106859397.765384,OK,1.166312,2,113225356.00394122,,,,
2544,3,3,OK,0.034007,0,392699999.9999997,OK,0.055281,0,392699999.9999997,OK,0.042027999999999996,0,392699999.9999997,,,,
2564,2,3,OK,0.02914,1,358982.27729999967,OK,0.032155,1,366886.8119520001,OK,0.027556999999999998,1,379245.9872520006,,,,
2573,2,3,OK,0.034573,1,285089.9127440001,OK,0.033975,1,286176.45661600004,OK,0.024353,1,286714.52522399987,,,,
2591,3,3,OK,0.101854,1,124293044.79799975,OK,1.126343,2,125220641.53125024,OK,0.518408,2,128613549.3513571,,,,
2598,3,5,OK,0.045004,0,137665704.00000015,OK,1.139253,1,162906592.44509995,OK,0.89131,1,296382282.8759997,,,,
2616,2,3,OK,0.026688,0,342731.9999999999,OK,0.034832,0,342731.9999999999,OK,0.039015,1,359943.7464959997,,,,
2620,2,4,OK,0.036319,1,304642.38762,OK,0.051636,1,308757.3360799998,OK,0.04289,1,313547.1117800001,,,,
2626,2,3,OK,0.03443,0,482970.0000000003,OK,0.043981,0,482970.0000000003,OK,0.06042,1,490835.90189999976,,,,
2631,2,3,OK,0.033506,0,352300.00000000006,OK,0.044363,0,352300.00000000006,OK,0.058512,1,352662.9513999999,,,,
2640,2,8,OK,0.068076,0,652035.9999999994,OK,0.08316599999999999,0,652035.9999999994,OK,0.100355,0,661269.9999999994,,,,
2642,2,3,OK,0.022335,1,378418.9530000001,OK,0.026347000000000002,1,391372.7999999997,OK,0.02584,1,411861.5680000004,,,,
2649,2,3,OK,0.036352999999999996,1,249999.9724440004,OK,0.042815,1,249999.9724440004,OK,0.027288999999999997,1,249999.97211100013,,,,
2659,2,3,OK,0.027808999999999997,0,350727.0,OK,0.032652,0,350727.0,OK,0.06009700000000001,1,351250.67001600016,,,,
2690,2,4,OK,0.026264999999999997,0,575456.0000000001,OK,0.042461,0,575456.0000000001,OK,0.022315,0,575456.0000000001,,,,
2694,2,3,OK,0.026743,1,340863.32371200033,OK,0.033398000000000004,1,343903.5871999998,OK,0.030012999999999998,1,350645.7952000003,,,,
2702,2,3,OK,0.022512,1,249999.9724440004,OK,0.031352,1,249999.9724440004,OK,0.021345,1,249999.97211100013,,,,
2705,3,4,OK,0.036703,1,56009888.36624995,OK,0.371558,2,57620417.27369343,OK,0.17276,2,57818307.27235199,,,,
2707,3,6,OK,0.051809,0,427000000.0000003,OK,0.080803,0,427000000.0000003,OK,0.042766000000000005,0,427000000.0000003,,,,
2716,2,3,OK,0.02281,1,356298.2375519999,OK,0.030317,1,356359.98720000044,OK,0.023017,1,356394.9755519997,,,,
2738,2,3,OK,0.020224000000000002,0,460404.00000000023,OK,0.025774000000000002,0,460404.00000000023,OK,0.07172200000000001,1,533483.4812159996,,,,
2801,2,3,OK,0.019422,0,392756.0,OK,0.026454000000000002,0,392756.0,OK,0.018318,0,392756.0,,,,
2829,4,4,OK,0.122629,1,29070646209.749733,OK,0.9829209999999999,1,23660061789.228485,OK,16.846789,2,29795616996.501495,,,,
2849,2,3,OK,0.019532,0,489903.99999999977,OK,0.025802,0,489903.99999999977,OK,0.018443,0,489903.99999999977,,,,
2866,2,3,OK,0.019228,0,576911.9999999991,OK,0.02592,0,576911.9999999991,OK,0.017789,0,576911.9999999991,,,,
2880,2,3,OK,0.020187,1,249999.9724440004,OK,0.029238,1,249999.9724440004,OK,0.020516,1,249999.97211100013,,,,
2885,2,3,OK,0.027885000000000004,0,374500.00000000006,OK,0.034606,0,374500.00000000006,OK,0.030764,0,374500.00000000006,,,,
2889,2,5,OK,0.040122000000000005,0,576637.9999999998,OK,0.050482,0,576637.9999999998,OK,0.05550700000000002,0,576637.9999999998,,,,
2906,2,3,OK,0.020204,1,265356.3412500001,OK,0.026614999999999996,1,265324.72185600013,OK,0.019068,1,265370.96889599983,,,,
2948,2,3,OK,0.020613999999999997,0,471599.9999999996,OK,0.030611000000000006,0,471599.9999999996,OK,0.037294,1,474893.2320000001,,,,
2952,3,4,OK,0.091365,1,53544500.54091609,OK,0.165906,1,54061830.65606402,OK,0.085393,1,54061963.2713159,,,,
2983,2,3,OK,0.021937,1,249999.99999999985,OK,0.030614999999999996,1,249999.99999999985,OK,0.019068,1,249999.99999999985,,,,
3015,2,3,OK,0.019559,0,399999.99999999936,OK,0.026485,0,399999.99999999936,OK,0.019724000000000002,0,399999.99999999936,,,,
3017,2,3,OK,0.023619,0,295424.0000000001,OK,0.033181999999999996,0,295424.0000000001,OK,0.036731,1,297339.055808,,,,
3023,2,27,OK,0.132118,0,472152.00000000076,OK,0.179425,0,472152.00000000076,OK,0.48114799999999996,0,531278.0000000001,,,,
3038,2,3,OK,0.024431,0,407628.00000000023,OK,0.027551,0,407628.00000000023,OK,0.019493,0,407628.00000000023,,,,
3044,2,3,OK,0.02099,1,304607.7559980001,OK,0.028287,1,310211.1866880001,OK,0.019351,1,315114.00406199996,,,,
3059,2,8,OK,0.04433,0,476391.99999999936,OK,0.068631,0,476391.99999999936,OK,0.040559,0,476391.99999999936,,,,
3068,2,4,OK,0.022612,0,437436.00000000006,OK,0.032001999999999996,0,437436.00000000006,OK,0.044437,0,457703.99999999953,,,,
3091,2,3,OK,0.018862,1,249999.97749999983,OK,0.025275,1,249999.97749999983,OK,0.017945,1,249999.9599999997,,,,
3145,2,3,OK,0.033872,0,399999.99999999936,OK,0.031782,0,399999.99999999936,OK,0.05269600000000002,1,406125.0,,,,
3156,4,4,OK,0.039886000000000005,0,54462592799.99979,OK,0.08128200000000001,0,54462592799.99979,OK,0.038577,0,54462592799.99979,,,,
3162,2,3,OK,0.019888999999999997,0,394289.00000000006,OK,0.024742,0,394289.00000000006,OK,0.020293000000000002,0,394289.00000000006,,,,
3175,2,7,OK,0.036202,0,356489.99999999994,OK,0.05148099999999999,0,356489.99999999994,OK,0.068574,1,387899.2295999998,,,,
3177,2,3,OK,0.019733,1,292909.1346999997,OK,0.026158999999999998,1,296424.2306999999,OK,0.024659,1,299180.27999999985,,,,
3182,3,3,OK,0.025023,2,48623975.19882146,OK,0.046607,2,48775832.44834728,OK,0.025266999999999998,2,48989408.60220607,,,,
3185,2,6,OK,0.046942000000000005,0,470587.00000000047,OK,0.043246,0,470587.00000000047,OK,0.035778,0,470587.00000000047,,,,
3193,2,3,OK,0.019299,1,326487.45000000054,OK,0.026633999999999998,1,326685.2608800002,OK,0.022837,1,327216.36927999987,,,,
3233,4,4,OK,0.045144,3,5169368505.458521,OK,0.091539,3,5194506530.07,OK,0.087655,3,5361977966.829758,,,,
3235,3,22,OK,0.136516,0,135199301.9999999,OK,2.916048,0,204699957.0000001,OK,173.410318,2,265157181.9245019,,,,
3239,2,5,OK,0.041902999999999996,1,378283.1456000001,OK,0.036958,1,378300.2496,OK,0.024905,1,378584.7615999996,,,,
3269,2,4,OK,0.022793,0,476369.99999999977,OK,0.042617,0,476369.99999999977,OK,0.037693,0,476369.99999999977,,,,
3270,2,5,OK,0.044098000000000005,0,380879.99999999936,OK,0.064836,0,380879.99999999936,OK,0.07686,1,381923.1999999996,,,,
3275,2,5,OK,0.028480000000000002,1,336611.34999999986,OK,0.047942,1,336898.8835000002,OK,0.029013,1,336987.108315,,,,
3288,3,4,OK,0.058369000000000004,1,74397350.38559997,OK,0.105093,1,85162619.97561605,OK,0.177203,2,92764643.48828846,,,,
3289,2,3,OK,0.020286000000000002,1,249999.99999999985,OK,0.028107,1,249999.99999999985,OK,0.021907,1,249999.99999999985,,,,
3313,2,3,OK,0.019714,1,299108.4118399996,OK,0.025375,1,299338.3510399997,OK,0.019393,1,301026.46656000003,,,,
3530,2,4,OK,0.022778,1,320411.1749999996,OK,0.03457,1,323195.8470000001,OK,0.023522,1,326041.1069999998,,,,
3552,3,3,OK,0.025752999999999998,1,192171033.59999955,OK,0.042910000000000004,1,205331317.77600023,OK,0.024406999999999998,1,216526535.05599967,,,,
3839,2,3,OK,0.019916999999999997,1,249999.9724440004,OK,0.025825999999999998,1,249999.9724440004,OK,0.019337,1,249999.97211100013,,,,
3856,2,3,OK,0.019463,1,425812.5368969999,OK,0.025796,1,425780.6650919999,OK,0.018546,1,425822.5838080005,,,,
3861,4,5,OK,0.048287000000000004,1,15933119308.287975,OK,0.21010399999999999,1,20987007999.99997,OK,2.050255,2,21123460556.79996,,,,
3894,2,3,OK,0.020744,1,249999.9724440004,OK,0.029257,1,249999.9724440004,OK,0.017434,1,249999.97211100013,,,,
3952,3,8,OK,0.068612,0,93217799.99999996,OK,0.097065,0,93217799.99999996,OK,2.637398,2,94976236.70486993,,,,
3966,2,3,OK,0.022361000000000002,1,264147.00300000014,OK,0.028669999999999998,1,264143.5745199998,OK,0.018012,1,264147.00300000014,,,,
3970,2,6,OK,0.032379000000000005,0,549999.9999999992,OK,0.084345,0,549999.9999999992,OK,0.071325,0,680000.0000000001,,,,
4006,2,3,OK,0.023517,1,331824.00969999976,OK,0.035169,1,332778.4256999997,OK,0.017426,1,334442.61480000004,,,,
4035,2,3,OK,0.019487,0,481327.00000000047,OK,0.0272,0,481327.00000000047,OK,0.068757,1,514973.0624,,,,
4038,3,5,OK,0.045175,2,41653631.25000005,OK,0.063355,2,41688996.67968752,OK,0.067914,2,43268716.80906242,,,,
4124,2,3,OK,0.019597999999999997,1,270186.41433,OK,0.028992,1,270146.04753000033,OK,0.021951,1,270481.52912999986,,,,
4125,2,3,OK,0.020922,1,249999.99999999985,OK,0.027444,1,249999.99999999985,OK,0.017785,1,249999.99999999985,,,,
4220,2,3,OK,0.019503,0,737999.9999999999,OK,0.024218,0,737999.9999999999,OK,0.03536,0,737999.9999999999,,,,
4435,3,85,OK,0.721666,0,187352450.99999964,OK,200.100383,0,254278632.0000004,TimeOut,999.002308,2,0.0,,,,
4465,2,3,OK,0.017901,0,544607.9999999997,OK,0.024249,0,544607.9999999997,OK,0.017728,0,544607.9999999997,,,,
4494,4,4,OK,0.034888999999999996,0,114839999999.99985,OK,2.716837,1,134382437640.00015,OK,1.0041069999999999,1,136714263840.00008,,,,
4606,2,4,OK,0.022098,1,265474.8532799997,OK,0.029233999999999996,1,265418.60111999983,OK,0.020604,1,265548.77712000004,,,,
4614,2,4,OK,0.021865,1,254502.66625600035,OK,0.029549000000000002,1,254499.5283240004,OK,0.020856,1,254516.44601600012,,,,
4770,3,3,OK,0.028532,0,173256159.99999964,OK,0.157573,1,176261618.85696003,OK,0.086275,1,179408706.74943992,,,,
4783,2,5,OK,0.025824,1,342667.19804600056,OK,0.034972,1,342613.4991499996,OK,0.0247,1,342676.3930859996,,,,
4820,2,6,OK,0.031125,0,384351.00000000023,OK,0.039608,0,384351.00000000023,OK,0.030113,0,384351.00000000023,,,,
4866,3,93,OK,0.846816,0,145599999.99999952,OK,120.579527,0,264607000.00000083,TimeOut,999.002997,2,0.0,,,,
4886,3,3,OK,0.036117,0,52988399.99999987,OK,0.326857,1,79944485.50000015,OK,0.134437,1,80675218.46999988,,,,
4905,2,3,OK,0.021586,1,336996.22862500016,OK,0.025422,1,337774.85601999954,OK,0.024000999999999998,1,340454.09534499946,,,,
5064,2,4,OK,0.023017,0,490450.0000000004,OK,0.030742000000000002,0,490450.0000000004,OK,0.044941,0,573342.0000000003,,,,
5184,2,3,OK,0.026188999999999997,0,279500.0000000002,OK,0.039165,0,279500.0000000002,OK,0.063791,1,281009.7423749997,,,,
5214,2,7,OK,0.039823000000000004,0,366776.0,OK,0.056514,0,366776.0,OK,0.26708200000000004,1,380165.769585,,,,
5494,4,4,OK,0.051565,0,6930562499.999995,OK,88.25962700000002,2,6951390624.999976,OK,2.243204,1,6951368048.625003,,,,
5752,2,3,OK,0.026425999999999998,0,353846.99999999977,OK,0.027852999999999996,0,353846.99999999977,OK,0.042842,1,354827.8772759999,,,,
5775,6,7,OK,0.261613,1,901555199999998.8,OK,350.612332,1,1.4975999999999998e+16,OK,201.088507,1,2.4959999999999948e+16,,,,
5967,5,10,OK,0.154643,0,3242228968440.0083,OK,171.312261,0,15004884550655.947,TimeOut,999.007211,4,0.0,,,,
6318,2,4,OK,0.026692,0,412438.0000000004,OK,0.030101,0,412438.0000000004,OK,0.062225,1,412440.1146880004,,,,
6513,2,3,OK,0.018062,1,268288.31175,OK,0.024378999999999998,1,268356.1796700001,OK,0.017464,1,268393.3282799996,,,,
6518,9,9,TimeOut,999.0001060000001,8,0.0,TimeOut,999.0001300000001,8,0.0,TimeOut,999.000125,8,0.0,,,,
6530,5,9,OK,85.576479,2,3192616864444.744,OK,440.704567,2,5574879190653.704,OK,242.001365,2,7575665207148.548,,,,
6550,2,15,OK,0.088646,1,324441.0895040003,OK,0.143022,1,325062.950016,OK,0.093271,1,326815.63097600004,,,,
6608,9,9,TimeOut,999.0065529999999,8,0.0,TimeOut,999.007518,8,0.0,TimeOut,999.0001269999999,8,0.0,,,,
6714,3,4,OK,0.029088,0,68162688.0,OK,0.391298,1,65870388.22559992,OK,0.280158,1,68602867.82044806,,,,
6942,4,4,OK,2.6699479999999998,2,5468747375.699995,OK,43.730129,3,5508668788.811999,OK,19.080056,3,5539387563.2812395,,,,
6947,2,3,OK,0.018754,1,270893.36610000016,OK,0.023218,1,271171.64222399984,OK,0.017161000000000003,1,271184.79513599986,,,,
7020,2,3,OK,0.020444,1,277712.0533119999,OK,0.034230000000000003,1,277722.14607200003,OK,0.024766,1,278184.928208,,,,
7171,2,3,OK,0.02553,0,486330.00000000006,OK,0.023183000000000002,0,486330.00000000006,OK,0.017769999999999998,0,486330.00000000006,,,,
7832,2,4,OK,0.037995,1,255468.52953600005,OK,0.032197,1,255466.6164359999,OK,0.020574000000000002,1,255478.13999999984,,,,
8144,2,12,OK,0.049974,0,591409.0000000001,OK,0.070686,0,591409.0000000001,OK,0.76447,1,594545.8908999996,,,,
8194,2,3,OK,0.018324,1,267347.3418239999,OK,0.02282,1,267402.71446400014,OK,0.018459,1,267632.1016000004,,,,
8202,3,3,OK,0.022603,0,118741202.99999976,OK,0.189629,1,118675432.8726116,OK,0.062909,1,118767226.07206813,,,,
8203,3,10,OK,0.059435,0,109354160.0,OK,0.636774,0,172075903.9999998,OK,11.032598,1,233894710.73073584,,,,
8416,2,3,OK,0.017461,0,352666.99999999994,OK,0.022716999999999998,0,352666.99999999994,OK,0.016309,0,352666.99999999994,,,,
8462,2,13,OK,0.053949000000000004,1,249999.9995999998,OK,0.09287000000000001,1,249999.9995999998,OK,0.059602999999999996,1,249999.9987750002,,,,
8489,2,3,OK,0.018215000000000002,1,307298.3999999999,OK,0.022817,1,311984.25600000034,OK,0.016847,1,316666.61600000004,,,,
8536,2,3,OK,0.017301,1,253307.30515999976,OK,0.022984,1,253298.5104400003,OK,0.01644,1,253319.13376000023,,,,
8540,3,4,OK,0.518727,2,50943053.25431375,OK,0.766629,2,52134451.64716964,OK,0.41801499999999997,2,52385663.15328596,,,,
8553,3,3,OK,0.022805000000000002,1,123269804.32399976,OK,0.038321,1,132584564.96899986,OK,0.02219,1,141561557.50399983,,,,
8585,3,3,OK,0.023974000000000002,0,101599999.99999988,OK,0.038071,0,101599999.99999988,OK,0.021228999999999998,0,101599999.99999988,,,,
8593,2,3,OK,0.01719,1,270462.55000000016,OK,0.026143,1,270691.19999999966,OK,0.016528,1,271149.5920000003,,,,
8608,2,3,OK,0.017819,0,408914.9999999997,OK,0.023244,0,408914.9999999997,OK,0.016299,0,408914.9999999997,,,,
8649,3,3,OK,0.022639,0,90244374.99999994,OK,0.037954,0,90244374.99999994,OK,0.020977000000000003,0,90244374.99999994,,,,
8652,2,3,OK,0.020403,1,307987.6931250001,OK,0.024717,1,308205.6935250001,OK,0.018902000000000002,1,308236.315725,,,,
8669,2,3,OK,0.018336,1,267791.63392800034,OK,0.022685,1,268000.36099200003,OK,0.016531,1,268700.63220000005,,,,
8693,3,4,OK,0.027639999999999998,0,168150421.99999988,OK,0.047223,0,168150421.99999988,OK,0.027661,0,168150421.99999988,,,,
8701,2,3,OK,0.018164,1,253723.72000000012,OK,0.033569,1,253723.72000000012,OK,0.027558999999999997,1,253739.28479999988,,,,
8702,2,3,OK,0.028722,1,249999.99999999985,OK,0.028361,1,249999.99999999985,OK,0.022829,1,249999.60937500003,,,,
8717,2,3,OK,0.018156,0,276078.0000000001,OK,0.023454,0,276078.0000000001,OK,0.016472999999999998,0,276078.0000000001,,,,
8778,2,3,OK,0.017619,1,250357.6075,OK,0.022884,1,250357.6075,OK,0.016981,1,250357.41919999968,,,,
8821,3,3,OK,0.022807,0,299895280.0000004,OK,0.037906,0,299895280.0000004,OK,0.021547,0,299895280.0000004,,,,
8834,2,4,OK,0.02822,1,249999.9599999997,OK,0.028904000000000006,1,249999.9599999997,OK,0.020413,1,249999.90390000012,,,,
8975,2,3,OK,0.017248,1,316960.0,OK,0.022782,1,317012.6760000001,OK,0.016633000000000002,1,322580.6440000004,,,,
9036,2,5,OK,0.025077000000000002,0,291239.0,OK,0.034524,0,291239.0,OK,0.045967,1,294818.8724000005,,,,
9105,2,4,OK,0.022408,1,297823.67999999976,OK,0.029407,1,300632.08,OK,0.020428,1,303571.12499999994,,,,
9259,3,3,OK,0.06550800000000001,1,61831438.60140002,OK,0.302508,1,85734477.7343999,OK,0.17525,1,85817874.70259997,,,,
9286,3,7,OK,0.058787,0,95074560.00000007,OK,0.07737999999999999,0,95074560.00000007,OK,0.7101689999999999,1,107443276.60500003,,,,
9334,2,3,OK,0.027662,0,667000.0000000002,OK,0.035671,0,667000.0000000002,OK,0.032574,0,667000.0000000002,,,,
9474,6,83,OK,1.7197080000000002,0,1.7174000000000016e+16,TimeOut,999.0140220000001,5,0.0,TimeOut,999.008692,5,0.0,,,,
9475,3,3,OK,0.023292,1,70230658.50662395,OK,0.17971199999999998,1,103095348.84159976,OK,0.37728,2,104451251.331243,,,,
9620,4,4,OK,0.309778,1,8242212210.526788,OK,12.702119999999999,2,8124003837.967266,OK,10.584442,2,9104561685.687698,,,,
9715,3,3,OK,0.025113,1,71593059.90657994,OK,0.192708,2,61012689.69899166,OK,0.17483800000000002,2,76155900.4072129,,,,
9791,2,5,OK,0.025187,0,400816.0,OK,0.033431999999999996,0,400816.0,OK,0.046141,0,467074.9999999997,,,,
9883,3,3,OK,0.023304,1,117057290.76695998,OK,0.03876,1,117028361.90221503,OK,0.235398,2,147724694.31519642,,,,
10043,3,3,OK,0.025582,1,74673892.0199999,OK,0.038189999999999995,1,74664193.31280006,OK,0.11826199999999999,2,75665034.43220782,,,,
10088,4,4,OK,0.037426999999999995,0,27918307032.00006,OK,18.390568,2,35369819460.559784,OK,8.057212,2,35471081349.62612,,,,
10690,2,5,OK,0.025218,0,343805.0,OK,0.033229,0,343805.0,OK,0.046541,1,345222.3195879999,,,,
10731,3,3,OK,0.023074,2,36926037.00000001,OK,0.038616000000000004,2,36926037.00000001,OK,0.021853,2,36926037.00000001,,,,
10824,2,4,OK,0.030612,0,520000.0000000003,OK,0.031023000000000002,0,520000.0000000003,OK,0.021113999999999997,0,520000.0000000003,,,,
11355,2,3,OK,0.018436,0,772000.0,OK,0.022851,0,772000.0,OK,0.016553000000000002,0,772000.0,,,,
11445,2,4,OK,0.022241999999999998,0,354304.00000000023,OK,0.028936,0,354304.00000000023,OK,0.059921,1,367544.11228799983,,,,
11705,3,4,OK,0.02696,0,107129556.00000016,OK,0.19033699999999998,0,140890548.00000027,OK,0.353767,1,147846977.6656977,,,,
12153,3,4,OK,0.057739,1,55527750.00000002,OK,0.156927,1,107517600.00000004,OK,0.28857,2,114761622.96400017,,,,
12694,2,5,OK,0.024547,1,348963.76646399987,OK,0.033654,1,349397.53158400004,OK,0.032233,1,352012.67558400007,,,,
12968,6,6,OK,3.524254,2,1358252693723321.0,OK,7.035161,2,1918907616346870.5,TimeOut,999.0025800000001,5,0.0,,,,
13028,2,3,OK,0.016762,0,344932.0000000001,OK,0.022602,0,344932.0000000001,OK,0.032678,1,377781.37227999954,,,,
13530,2,3,OK,0.017309,0,359904.99999999977,OK,0.022688,0,359904.99999999977,OK,0.016146,0,359904.99999999977,,,,
13548,3,4,OK,0.043084,1,84758576.8259999,OK,0.05341,1,89232093.15613991,OK,0.357288,2,91785997.27373996,,,,
13562,2,9,OK,0.037596,0,589000.0000000002,OK,0.056317999999999986,0,589000.0000000002,OK,0.08142,0,801262.0000000001,,,,
13743,3,4,OK,0.039167,0,211862500.0000001,OK,0.45974499999999996,1,205323426.2500001,OK,0.153355,1,216739076.2500001,,,,
14002,4,7,OK,0.055859000000000006,0,15855831999.99997,OK,2.714083,1,16365288902.52144,OK,108.025071,3,19895326275.98748,,,,
14822,3,3,OK,0.023978,1,85725927.864564,OK,0.102113,1,100536040.31249984,OK,0.04297,1,101783287.60419296,,,,
14892,2,17,OK,0.068222,0,359584.00000000006,OK,0.109102,0,359584.00000000006,OK,0.27128,1,360945.2572739997,,,,
14893,2,17,OK,0.072768,0,330115.0,OK,0.10411500000000001,0,330115.0,OK,0.278419,1,335399.88523200015,,,,
14907,2,16,OK,0.063993,0,312170.0000000002,OK,0.098666,0,312170.0000000002,OK,0.126709,1,312357.6731660005,,,,
15008,3,3,OK,0.280343,2,44793907.82930238,OK,0.517794,2,45042055.26503884,OK,0.266127,2,45157191.90073361,,,,
15145,10,7,TimeOut,999.0001050000001,9,0.0,TimeOut,999.00014,9,0.0,TimeOut,999.0001390000001,9,0.0,,,,
15159,10,7,TimeOut,999.000121,9,0.0,TimeOut,999.0000960000001,9,0.0,TimeOut,999.000093,9,0.0,,,,
15160,10,7,TimeOut,999.000123,9,0.0,TimeOut,999.000124,9,0.0,TimeOut,999.000177,9,0.0,,,,
15295,2,5,OK,0.030737999999999998,1,267239.9999999999,OK,0.035747,1,267406.8750000005,OK,0.026489,1,267856.8750000003,,,,
15303,3,4,OK,0.035646,0,494999999.99999976,OK,0.068464,0,494999999.99999976,OK,0.026204,0,494999999.99999976,,,,
15419,3,3,OK,0.02281,1,95102278.29120012,OK,0.055076,1,99777101.57251188,OK,0.021611000000000002,1,100897904.12083171,,,,
15466,5,96,OK,10.342371,0,13154684400000.047,TimeOut,999.0117759999999,4,0.0,TimeOut,999.00851,4,0.0,,,,
15552,3,4,OK,0.027052999999999997,0,59588703.99999989,OK,0.43850100000000003,1,64297248.59711985,OK,0.147294,1,64470099.61727992,,,,
15622,3,3,OK,0.022484,1,70647134.74089606,OK,0.089602,1,88495001.52268787,OK,0.041124,1,88536073.60819206,,,,
15651,3,3,OK,0.022695,1,92471027.97239998,OK,0.038261,1,93041347.89239997,OK,0.269667,2,93451446.98267052,,,,
15675,3,4,OK,0.02695,0,74186596.00000021,OK,0.763425,1,98967716.92403194,OK,0.388981,1,98967715.8620083,,,,
15785,2,3,OK,0.01803,1,299147.823168,OK,0.022067,1,299143.3786879997,OK,0.016172,1,299148.41548800014,,,,
15789,3,4,OK,0.029323000000000002,1,84132480.59999989,OK,0.04734,1,86413634.99999976,OK,0.026871,1,86821874.99999966,,,,
15797,3,4,OK,0.042119,1,126552263.79159015,OK,0.048311,1,127296966.99375013,OK,0.480104,2,132630316.62329651,,,,
15801,3,4,OK,0.027656,0,65579230.00000004,OK,0.045758999999999994,0,65579230.00000004,OK,0.12459500000000001,1,90020553.99571486,,,,
15810,2,26,OK,0.097352,0,518999.9999999993,OK,0.205092,0,518999.9999999993,OK,0.7614489999999999,0,775904.9999999995,,,,
15813,2,3,OK,0.017518000000000002,1,338232.3863189997,OK,0.022171,1,338407.34559900017,OK,0.016587,1,338768.87763100024,,,,
15830,3,9,OK,0.055269000000000006,0,169887409.99999955,OK,0.421951,0,213192335.99999967,OK,4.694555,1,232995026.89279962,,,,
15832,2,5,OK,0.025511000000000002,0,485100.0,OK,0.03348,0,485100.0,OK,0.046955000000000004,0,507174.0,,,,
16049,3,10,OK,0.059137999999999996,0,118723799.9999997,OK,0.102408,0,118723799.9999997,OK,8.032119,2,122839815.31980552,,,,
16131,2,3,OK,0.017749,1,426270.01699999976,OK,0.022071,1,439880.55299999967,OK,0.016554,1,497017.89200000005,,,,
16150,2,6,OK,0.049582999999999995,0,425100.0000000004,OK,0.068092,0,425100.0000000004,OK,0.040151,0,425100.0000000004,,,,
16241,2,6,OK,0.03161,0,275549.9999999998,OK,0.05991000000000001,0,275549.9999999998,OK,0.08165499999999999,1,278168.6975999998,,,,
16246,3,5,OK,0.032356,0,211090304.0,OK,0.056444000000000015,0,211090304.0,OK,1.3989690000000001,2,227063149.5299685,,,,
16489,3,4,OK,0.026945,0,112440311.99999994,OK,0.332228,1,121233619.4118839,OK,0.753718,2,121260242.83072208,,,,
16535,3,4,OK,0.027670999999999998,0,96206399.99999996,OK,0.125381,0,93534000.00000016,OK,1.945702,2,96590579.65831678,,,,
16585,10,8,TimeOut,999.0001070000001,9,0.0,TimeOut,999.0001359999999,9,0.0,TimeOut,999.00011,9,0.0,,,,
16628,5,4,OK,0.23124499999999998,1,27374694767999.9,OK,0.652612,1,51678000000000.07,OK,0.260565,1,51678000000000.07,,,,
16671,4,4,OK,0.102434,1,26358687010.58404,OK,22.248573,2,34210474135.387268,OK,29.738574,3,37615484371.7373,,,,
16674,3,4,OK,0.028133,1,65780689.62880797,OK,0.095587,1,94623335.40779984,OK,0.07556,1,112887848.35231198,,,,
16682,2,3,OK,0.017984,0,415800.0000000004,OK,0.022496000000000002,0,415800.0000000004,OK,0.031137,1,416021.8468999998,,,,
16687,2,3,OK,0.019429,1,299150.6000000001,OK,0.022769,1,300739.99999999977,OK,0.016027,1,303398.02399999986,,,,
16742,3,4,OK,0.026741,0,272454570.0000002,OK,0.136096,0,274533279.9999994,OK,1.659952,2,306707042.2419852,,,,
16755,2,4,OK,0.021727,1,400833.396,OK,0.030358,1,420156.0839999997,OK,0.021762,1,449640.2439999996,,,,
16974,2,7,OK,0.031377999999999996,0,859999.9999999987,OK,0.044475,0,859999.9999999987,OK,0.030667000000000007,0,859999.9999999987,,,,
17068,2,3,OK,0.017702000000000002,1,259470.71999999977,OK,0.023195,1,259484.4580500001,OK,0.016649,1,259550.86124999987,,,,
17196,3,3,OK,0.088882,1,99069048.7637762,OK,0.481401,2,98906638.4889649,OK,0.265032,2,102920201.77075334,,,,
17208,4,4,OK,0.034234,0,98344438452.00008,OK,1.2115040000000001,1,88224047417.94023,OK,0.698231,1,98376302050.0585,,,,
17272,2,3,OK,0.019055000000000002,0,506103.0,OK,0.024616,0,506103.0,OK,0.017103,0,506103.0,,,,
17340,3,4,OK,0.028238,0,220487499.9999996,OK,0.047861,0,220487499.9999996,OK,0.080446,1,223532306.34149984,,,,
17531,3,5,OK,0.032694,0,136500000.00000006,OK,0.11367200000000001,1,142839625.5000002,OK,0.064183,1,143590765.4999999,,,,
17816,4,4,OK,0.042601,1,96085889157.39998,OK,0.077535,1,105862433349.166,OK,4.139069999999999,2,112126147890.88098,,,,
17817,4,4,OK,0.6390399999999999,1,183929249999.9997,OK,1.529372,1,187499999999.99933,OK,0.6260789999999999,1,187499999999.99933,,,,
17832,3,3,OK,0.023702,2,36926037.00000001,OK,0.040949,2,36926037.00000001,OK,0.022351,2,36926037.00000001,,,,
17834,3,3,OK,0.022726,1,249999999.9999998,OK,0.039178,1,249999999.9999998,OK,0.022007,1,249999999.9999998,,,,
18063,6,6,OK,7.9825880000000025,1,88541711498283.02,TimeOut,999.000544,5,0.0,TimeOut,999.0005470000001,5,0.0,,,,
18401,3,4,OK,0.033485,2,36926037.00000001,OK,0.058032000000000014,2,36926037.00000001,OK,0.032898000000000004,2,36926037.00000001,,,,
18547,5,5,OK,0.604603,2,1330561051323.2383,OK,0.849512,2,1361678240570.715,OK,0.6352979999999999,2,1361678240570.715,,,,
18816,2,3,OK,0.027204000000000002,1,287449.39065000036,OK,0.027825,1,288164.89625,OK,0.017015,1,289579.38695399964,,,,
18856,2,3,OK,0.017384,0,479999.99999999953,OK,0.023706,0,479999.99999999953,OK,0.017583,0,479999.99999999953,,,,
18930,2,3,OK,0.02036,0,907902.0000000006,OK,0.025688,0,907902.0000000006,OK,0.025541,0,907902.0000000006,,,,
18995,2,3,OK,0.025245,1,302275.74667500035,OK,0.026091000000000003,1,302048.49715200014,OK,0.024482,1,302534.55960299994,,,,
19861,2,4,OK,0.022802,0,479999.99999999953,OK,0.028980000000000002,0,479999.99999999953,OK,0.039947,0,489999.9999999997,,,,
19863,2,4,OK,0.024471,0,489999.9999999997,OK,0.042355000000000004,0,489999.9999999997,OK,0.023879,0,489999.9999999997,,,,
20075,3,3,OK,0.150525,2,37037037.03625936,OK,0.300307,2,37037037.03625936,OK,0.152954,2,37037000.1849628,,,,
21233,2,3,OK,0.020396,1,305680.71600000013,OK,0.02895,1,305624.7039999998,OK,0.016796000000000002,1,305730.7000000002,,,,
21645,4,3,OK,0.037142,2,3894542964.843762,OK,0.07469500000000001,2,3894542964.843762,OK,0.048091,2,3894542964.843762,,,,
21763,2,3,OK,0.02112,1,250680.1024,OK,0.025547999999999998,1,250680.93157400005,OK,0.017228999999999998,1,250680.93157400005,,,,
21828,2,8,OK,0.053101999999999996,1,283104.80361599993,OK,0.052233,1,283528.07061599987,OK,0.039087000000000004,1,284101.3537739998,,,,
21925,2,5,OK,0.040038,1,335919.517248,OK,0.169458,1,336810.5819079998,OK,0.037535,1,336994.37941299967,,,,
21928,2,5,OK,0.028419,0,949000.0000000008,OK,0.041106000000000004,0,949000.0000000008,OK,0.038021,0,949000.0000000008,,,,
22385,3,9,OK,0.070287,0,193808159.99999985,OK,0.10017899999999999,0,193808159.99999985,OK,0.182775,0,209600819.99999967,,,,
22646,2,2,OK,0.014627000000000001,1,279772.83119700034,OK,0.017897999999999997,1,280677.9346529998,OK,0.012884,1,281981.27879999985,,,,
22647,2,2,OK,0.019503,0,432588.00000000047,OK,0.019124000000000002,0,432588.00000000047,OK,0.01492,0,432588.00000000047,,,,
22823,2,5,OK,0.029934,0,520799.9999999997,OK,0.049018,0,520799.9999999997,OK,0.023809999999999998,0,520799.9999999997,,,,
24221,2,4,OK,0.02132,1,277844.68687500025,OK,0.028474,1,277798.80520000024,OK,0.019846000000000003,1,277971.1320750001,,,,
24257,5,5,OK,0.45188900000000004,1,152352275048461.6,OK,0.631676,1,152352884460000.2,OK,0.4689430000000001,1,152352884460000.2,,,,
24940,3,5,OK,0.037908,0,163049096.00000006,OK,0.293858,0,206095968.00000003,OK,0.180251,0,278182036.0000004,,,,
24943,3,5,OK,0.034515,0,209183730.0000001,OK,0.058599,0,209183730.0000001,OK,0.034094,0,209183730.0000001,,,,
24944,3,3,OK,0.033391000000000004,0,218040096.0000001,OK,0.06568500000000001,0,218040096.0000001,OK,0.024909999999999998,0,218040096.0000001,,,,
25164,3,3,OK,0.023613,1,89816467.04604012,OK,0.038402,1,91925374.71599984,OK,0.12778,2,92360071.18573022,,,,
25494,3,4,OK,0.092425,1,79066007.99999991,OK,0.170048,1,79628472.00000015,OK,0.112495,1,104481000.00000004,,,,
25834,2,2,OK,0.020805,1,249999.99999999985,OK,0.019825,1,249999.99999999985,OK,0.013602000000000001,1,249999.99999999985,,,,
26158,2,5,OK,0.029036000000000006,0,401592.00000000064,OK,0.037711,0,401592.00000000064,OK,0.054171000000000004,1,404583.17500000034,,,,
26402,5,5,OK,0.105126,0,960000000000.0002,OK,303.62627599999996,2,1992604319999.9968,TimeOut,999.000164,4,0.0,,,,
26785,2,4,OK,0.048644,0,372943.9999999997,OK,0.063038,0,372943.9999999997,OK,0.040074,0,372943.9999999997,,,,
26845,2,2,OK,0.021523,0,384702.0,OK,0.025798,0,384702.0,OK,0.013899000000000002,0,384702.0,,,,
26847,2,2,OK,0.01872,1,286520.42515200016,OK,0.026763,1,288170.18462699966,OK,0.016763999999999998,1,290280.1655519996,,,,
26849,2,2,OK,0.015384,1,306852.56906400004,OK,0.017894,1,312032.9633040003,OK,0.013525,1,317630.5871760003,,,,
26851,2,2,OK,0.016036,0,625860.0000000001,OK,0.046279,0,625860.0000000001,OK,0.022286,0,625860.0000000001,,,,
26942,3,9,OK,0.084215,0,129167999.99999996,OK,0.296222,0,177476832.00000012,OK,0.716591,0,242191871.99999985,,,,
27045,3,5,OK,0.057748,0,153501776.99999997,OK,0.098853,0,153501776.99999997,OK,1.604178,1,204928315.57497644,,,,
27157,4,4,OK,0.06742000000000001,1,54426093750.000015,OK,0.131877,1,54562499999.99988,OK,0.114658,1,54562499999.99988,,,,
27300,15,15,TimeOut,999.0001699999999,14,0.0,TimeOut,999.000235,14,0.0,TimeOut,999.000122,14,0.0,,,,
27548,3,2,OK,0.1422,2,48747511.41067577,OK,0.383671,2,63180431.26031445,OK,0.182936,2,64393778.32165641,,,,
27615,3,4,OK,0.027348,0,105469439.99999984,OK,0.38261999999999996,1,108650040.43019187,OK,1.0132219999999998,2,110591205.99347234,,,,
27822,3,3,OK,0.022955,1,53117732.2962,OK,0.052962999999999996,1,53302417.37056808,OK,0.0233,1,53307366.98119204,,,,
28225,2,2,OK,0.016574000000000002,0,302499.99999999977,OK,0.01719,0,302499.99999999977,OK,0.013161,0,302499.99999999977,,,,
28317,3,3,OK,0.022143,0,164478600.00000042,OK,0.044759,0,164478600.00000042,OK,0.022803,0,164478600.00000042,,,,
28400,2,3,OK,0.019353,1,312507.3556559997,OK,0.022393,1,314146.62900599994,OK,0.016411000000000002,1,317074.45190400025,,,,
28511,15,3,TimeOut,999.0001070000001,14,0.0,TimeOut,999.0001189999999,14,0.0,TimeOut,999.000124,14,0.0,,,,
28512,15,15,OK,785.666402,0,5.9338524992965745e+29,TimeOut,999.0001480000001,14,0.0,TimeOut,999.0001960000001,14,0.0,,,,
28559,2,2,OK,0.016261,0,628168.0000000003,OK,0.020225999999999997,0,628168.0000000003,OK,0.014784,0,628168.0000000003,,,,
28749,3,5,OK,0.038183,0,193255999.99999967,OK,0.062949,0,193255999.99999967,OK,1.044835,1,292586921.84332746,,,,
28777,2,5,OK,0.040463,0,345419.9999999997,OK,0.037886,0,345419.9999999997,OK,0.12296900000000001,1,351018.0999999997,,,,
28871,4,4,OK,0.044043,0,23397123750.000042,OK,1.188356,1,23358645191.699963,OK,1.556426,1,23400333132.54004,,,,
29215,2,2,OK,0.016375999999999998,1,249999.99999999985,OK,0.020347,1,249999.99999999985,OK,0.014709999999999999,1,249999.99999999985,,,,
29231,2,5,OK,0.027995,0,484058.00000000006,OK,0.038536,0,484058.00000000006,OK,0.02738,0,484058.00000000006,,,,
29237,2,2,OK,0.015666,0,530468.9999999998,OK,0.026958999999999997,0,530468.9999999998,OK,0.016115,0,530468.9999999998,,,,
29453,4,4,OK,0.043352999999999996,0,10239400823.999996,OK,121.326576,3,10105640959.630823,OK,59.864266,3,11371865992.954123,,,,
29635,2,10,OK,0.050977999999999996,0,349999.9999999995,OK,0.07413099999999999,0,349999.9999999995,OK,0.103173,0,384999.9999999997,,,,
29636,2,4,OK,0.026181,0,539999.9999999995,OK,0.032412,0,539999.9999999995,OK,0.027304000000000002,0,539999.9999999995,,,,
29669,2,3,OK,0.020163999999999998,1,302442.24000000005,OK,0.026348000000000003,1,302495.9999999997,OK,0.020988,1,302499.8400000002,,,,
29822,3,5,OK,0.039245999999999996,0,217227189.99999985,OK,0.062036,0,217227189.99999985,OK,0.718697,1,246034423.04000053,,,,
30069,2,16,OK,0.065335,0,435240.0,OK,0.093365,0,435240.0,OK,0.150331,0,458104.0,,,,
30110,3,6,OK,0.052205999999999995,1,74855781.23680796,OK,0.24499400000000002,1,101480191.58384794,OK,1.5732979999999999,2,112481677.54984614,,,,
30176,2,5,OK,0.030212,1,321664.774656,OK,0.047445999999999995,1,321578.0063999999,OK,0.029457,1,321766.29809999955,,,,
30232,3,3,OK,0.026675,1,164249999.99999997,OK,0.043607,1,164249999.99999997,OK,0.027594,1,164249999.99999997,,,,
30512,2,2,OK,0.015916,1,419835.90000000026,OK,0.020182,1,433298.54400000063,OK,0.014740999999999999,1,484496.1239999998,,,,
30542,4,24,OK,0.262191,0,13598155295.999992,OK,2.8723799999999997,0,15773777219.999996,TimeOut,999.0016410000001,3,0.0,,,,
30543,4,28,OK,0.44625200000000004,0,14798925000.000004,TimeOut,999.0024970000001,3,0.0,TimeOut,999.001933,3,0.0,,,,
30581,2,18,OK,0.088528,0,577000.0000000005,OK,0.146508,0,577000.0000000005,OK,0.17204,0,720379.9999999991,,,,
30614,3,3,OK,0.031666,2,44501886.00000002,OK,0.044867000000000004,2,45039271.32000008,OK,0.02522,2,45351452.15999989,,,,
30615,3,3,OK,0.026892000000000003,2,36926037.00000001,OK,0.043861000000000004,2,36926037.00000001,OK,0.029914,2,36926037.00000001,,,,
30616,3,3,OK,0.036241,2,37037037.035259336,OK,0.06313099999999999,2,37037037.035259336,OK,0.030418999999999998,2,37037037.035259336,,,,
30628,2,2,OK,0.016225,1,249999.99999999985,OK,0.021023,1,249999.99999999985,OK,0.036159,1,249999.99999999985,,,,
31206,2,2,OK,0.017754,1,336062.9095560003,OK,0.020031,1,342404.73638100014,OK,0.013859999999999999,1,351199.3125000001,,,,
31292,5,14,OK,0.251165,0,2480030017920.001,OK,614.828805,0,3145672027007.998,TimeOut,999.00132,4,0.0,,,,
31343,2,5,OK,0.023727,0,389708.0000000002,OK,0.0487,0,389708.0000000002,OK,0.06782200000000001,1,391762.4380559999,,,,
31367,5,5,OK,0.10468800000000003,1,2420406926272.096,OK,0.767387,1,2903436330576.4717,OK,101.677103,2,3755521932469.6914,,,,
31400,4,3,OK,0.334049,2,9265600710.599218,OK,9.541258,3,10764423110.350471,OK,4.0971720000000005,3,10935312504.247366,,,,
31411,2,2,OK,0.013515,0,444888.9999999997,OK,0.017485,0,444888.9999999997,OK,0.012489,0,444888.9999999997,,,,
31422,3,44,OK,0.27872600000000003,0,135893471.9999998,OK,28.452473,0,162478017.99999997,TimeOut,999.002229,2,0.0,,,,
31987,4,2,OK,0.025049,2,21432472780.80001,OK,0.046383,2,22265625000.0,OK,0.024527,2,22265625000.0,,,,
32081,2,3,OK,0.017747,1,249999.9724440004,OK,0.022651,1,249999.9724440004,OK,0.017424000000000002,1,249999.97211100013,,,,
32308,2,3,OK,0.018462,1,433374.8284439999,OK,0.026801,1,434498.92197500006,OK,0.016771,1,450549.0947750007,,,,
32484,11,12,OK,199.760183,0,4.471190869700647e+25,TimeOut,999.000322,10,0.0,TimeOut,999.000159,10,0.0,,,,
32490,10,12,OK,632.0368900000002,0,9.57950583735693e+22,TimeOut,999.000254,9,0.0,TimeOut,999.000162,9,0.0,,,,
32723,4,29,TimeOut,999.000097,3,0.0,TimeOut,999.004039,3,0.0,TimeOut,999.000096,3,0.0,,,,
32950,2,6,OK,0.029836,0,403410.00000000006,OK,0.036857,0,403410.00000000006,OK,0.110581,1,403785.7353200004,,,,
33061,2,5,OK,0.023221,0,489358.0,OK,0.031127,0,489358.0,OK,0.04299,0,577507.9999999997,,,,
33452,3,8,OK,0.046011,0,105814800.0,OK,0.081295,0,105814800.0,OK,4.272853,2,115594994.20702292,,,,
33457,2,9,OK,0.039595,0,428264.0000000003,OK,0.067673,0,428264.0000000003,OK,0.140869,1,430610.5970569996,,,,
33687,10,2,TimeOut,999.000102,9,0.0,TimeOut,999.000145,9,0.0,TimeOut,999.000133,9,0.0,,,,
33729,10,10,TimeOut,999.00009,9,0.0,TimeOut,999.000156,9,0.0,TimeOut,999.000137,9,0.0,,,,
33732,10,8,TimeOut,999.000141,9,0.0,TimeOut,999.00012,9,0.0,TimeOut,999.000146,9,0.0,,,,
33880,2,2,OK,0.016763,1,275547.6176010001,OK,0.019565,1,276307.4600999998,OK,0.012959,1,277075.7361960003,,,,
33984,3,3,OK,0.023919,1,244811796.47999987,OK,0.043486,1,247245583.68000028,OK,0.024568,1,250347617.99999952,,,,
34120,2,6,OK,0.027349,0,440384.9999999997,OK,0.040525,0,440384.9999999997,OK,0.074825,0,528411.0000000001,,,,
34206,2,3,OK,0.01922,0,359244.00000000006,OK,0.021325,0,359244.00000000006,OK,0.030402,1,361313.209845,,,,
34227,2,2,OK,0.013633,1,249999.969024,OK,0.017141999999999998,1,249999.969024,OK,0.012309,1,249999.969024,,,,
34343,2,4,OK,0.022576,1,323621.00640000013,OK,0.029103,1,323209.4399999995,OK,0.019089,1,328873.0644000001,,,,
34914,4,4,OK,0.034693,0,50725349999.99993,OK,1.799547,1,54737330918.39995,OK,0.718704,1,56844232081.64994,,,,
34944,2,3,OK,0.017847,1,336852.33400900033,OK,0.021674,1,337177.25952400017,OK,0.016283000000000002,1,337513.44422499987,,,,
35243,2,5,OK,0.02473,0,503000.0000000004,OK,0.031308,0,503000.0000000004,OK,0.046306,0,999999.9999999995,,,,
35244,2,6,OK,0.028029,1,265761.7505400001,OK,0.036873,1,265759.2537599999,OK,0.028885,1,265762.7608349999,,,,
35360,3,4,OK,0.028916000000000008,0,108160000.00000006,OK,0.1821,0,149760000.00000024,OK,1.274728,2,152601420.04679996,,,,
35362,3,4,OK,0.02599,0,158760000.00000042,OK,0.045851,0,158760000.00000042,OK,0.407668,1,160016236.51999962,,,,
35577,2,2,OK,0.014396,0,611964.0000000003,OK,0.01707,0,611964.0000000003,OK,0.012042,0,611964.0000000003,,,,
35819,3,3,OK,0.03611,0,503999999.9999994,OK,0.03589,0,503999999.9999994,OK,0.020204,0,503999999.9999994,,,,
35851,4,4,OK,0.034913,1,20393099999.99997,OK,2.32645,2,23620799999.999943,OK,1.023975,2,23624958000.000008,,,,
35972,2,2,OK,0.017463,1,277288.7214080002,OK,0.02783,1,278094.1025280005,OK,0.012395,1,279411.76012800005,,,,
36239,2,2,OK,0.015279,0,639999.9999999998,OK,0.033282,0,639999.9999999998,OK,0.015647,0,639999.9999999998,,,,
36718,5,5,OK,0.050948,0,999999999999998.8,OK,0.13262000000000002,0,999999999999998.8,OK,0.047606,0,999999999999998.8,,,,
37308,2,4,OK,0.023605,1,293667.12627200014,OK,0.027173000000000003,1,294327.9936479999,OK,0.021708,1,294601.45228800003,,,,
37821,2,5,OK,0.024009,0,401000.0,OK,0.033031,0,401000.0,OK,0.0937,1,407265.6000000002,,,,
37924,3,3,OK,0.025876,1,164555490.23999968,OK,0.036531,1,168659999.99999964,OK,0.217069,2,170686452.28953633,,,,
37945,3,3,OK,0.022819,0,125000000.0000001,OK,0.037508,0,125000000.0000001,OK,0.022705,0,125000000.0000001,,,,
37953,2,2,OK,0.013911,1,294028.808352,OK,0.017312,1,297633.04771200015,OK,0.012823,1,300575.5975679998,,,,
38263,3,2,OK,0.020128,1,111055499.99999984,OK,0.144342,2,138339672.0000001,OK,0.07462200000000001,2,148148037.00000018,,,,
38389,2,2,OK,0.013756,1,335627.34302399954,OK,0.017155,1,342672.0400760001,OK,0.012075,1,352768.45364400005,,,,
38619,2,4,OK,0.038097000000000006,1,282282.23999999993,OK,0.028021,1,284241.36000000004,OK,0.018875,1,285714.0000000003,,,,
38848,2,4,OK,0.02217,1,249999.97177599964,OK,0.02668,1,249999.97177599964,OK,0.01996,1,249999.97177599964,,,,
38850,2,4,OK,0.021993,1,385295.5756400003,OK,0.028251,1,386051.54474999954,OK,0.019441,1,387164.8741099995,,,,
39143,2,2,OK,0.013951,0,449722.0,OK,0.016622,0,449722.0,OK,0.012561,0,449722.0,,,,
39230,2,2,OK,0.016663999999999998,1,340900.58650799963,OK,0.01868,1,348435.69580799976,OK,0.012477,1,359634.4527479997,,,,
39295,5,7,OK,0.123698,0,5827140000000.008,OK,148.83127199999996,1,9514529999999.994,TimeOut,999.000431,4,0.0,,,,
39663,6,5,OK,4.100206,2,270044041189326.53,OK,280.091207,3,330894758562439.94,TimeOut,999.000469,5,0.0,,,,
39825,2,3,OK,0.023258,1,249999.99999999985,OK,0.036477,1,249999.99999999985,OK,0.020096,1,249999.99999999985,,,,
40181,2,5,OK,0.025847,0,349632.0000000001,OK,0.031675,0,349632.0000000001,OK,0.044976,0,364940.00000000047,,,,
40244,3,3,OK,0.04492,2,61731942.34360318,OK,0.077001,2,68473923.80505602,OK,0.12682000000000002,2,83834586.9374999,,,,
40249,3,7,OK,0.045271,0,274657000.00000006,OK,0.07320399999999999,0,274657000.00000006,OK,0.107548,0,387346903.9999995,,,,
40280,3,3,OK,0.06335299999999999,1,76634371.00000004,OK,0.110998,1,77368204.00000006,OK,0.059219000000000015,1,77485899.99999987,,,,
40695,2,3,OK,0.019042,1,299736.38796400005,OK,0.021766,1,302323.95323900017,OK,0.016304,1,305324.912624,,,,
40699,4,12,OK,0.08705800000000001,0,217802999999.99936,OK,0.197672,0,217802999999.99936,OK,2.28854,0,275829744419.9992,,,,
41099,4,4,OK,0.038236,1,46818210935.80802,OK,2.374717,2,20698286985.79193,OK,2.198461,2,57412965554.859924,,,,
41103,3,3,OK,0.029934,2,49904740.31791877,OK,0.096049,2,62303601.27059989,OK,0.042051,2,63118339.10126989,,,,
41174,3,3,OK,0.02367,1,86466478.08000001,OK,0.087552,1,151366348.80000025,OK,0.039885,1,151551999.99999976,,,,
41177,3,10,OK,0.055877,0,132299999.99999984,OK,4.737925,0,133536960.0000001,OK,13.713301,1,203002342.0656003,,,,
41212,4,7,OK,0.102664,0,33915023999.99999,OK,2.521119,1,24402384063.439217,OK,3.256456,1,34163599081.15437,,,,
41262,2,3,OK,0.01891,1,251254.0049999996,OK,0.034898,1,251254.0049999996,OK,0.026858,1,251256.0449999997,,,,
41372,2,2,OK,0.013832,1,273996.7560000001,OK,0.017247,1,274371.66899999976,OK,0.012202,1,274999.8239999998,,,,
41457,4,3,OK,0.103548,1,16995974259.263987,OK,2.030616,2,24086160275.228672,OK,6.96696,3,26066432721.263496,,,,
41503,2,3,OK,0.019967,1,264001.3935390003,OK,0.035547,1,264236.87159999984,OK,0.026306,1,264460.4859360001,,,,
41616,2,4,OK,0.024584,0,539399.9999999998,OK,0.027429,0,539399.9999999998,OK,0.021949,0,539399.9999999998,,,,
41802,3,3,OK,0.024233,1,133894579.00499997,OK,0.037009,1,142924228.1249999,OK,0.176305,2,156302675.88403216,,,,
41804,3,4,OK,0.03318,1,70437183.51779999,OK,0.312915,2,70878605.73292948,OK,0.190597,2,71985722.87221777,,,,
41838,2,2,OK,0.014732,1,254705.16633000004,OK,0.018284,1,254705.16633000004,OK,0.013192,1,254732.70417000024,,,,
41841,2,3,OK,0.020365,1,298217.94960000005,OK,0.022946,1,297895.96560000005,OK,0.015758,1,300000.26640000014,,,,
41845,2,2,OK,0.014305000000000003,0,749856.0000000001,OK,0.017537999999999998,0,749856.0000000001,OK,0.013384,0,749856.0000000001,,,,
41856,2,3,OK,0.020966,1,269241.73783199984,OK,0.023251,1,269432.3199999999,OK,0.016927,1,269838.37655199965,,,,
41859,2,2,OK,0.017522,1,323148.52799999964,OK,0.019446,1,327109.563,OK,0.012776,1,332999.91674999986,,,,
41876,2,2,OK,0.014885,1,249999.99999999985,OK,0.018917,1,249999.99999999985,OK,0.012551,1,249999.99999999985,,,,
41881,2,5,OK,0.025471,0,999999.9999999995,OK,0.032632,0,999999.9999999995,OK,0.024195,0,999999.9999999995,,,,
41918,3,3,OK,0.024661,0,48999999.99999999,OK,0.037363,0,48999999.99999999,OK,0.02446,0,48999999.99999999,,,,
41927,3,3,OK,0.022787,1,96265669.49999976,OK,0.035867,1,97625000.00000021,OK,0.03849,1,97625000.00000021,,,,
41962,3,2,OK,0.021503,1,105500000.00000024,OK,0.027621,1,105500000.00000024,OK,0.015424,1,105500000.00000024,,,,
41975,3,2,OK,0.021777,1,94171776.00000012,OK,0.365922,2,90918696.95999998,OK,0.196326,2,98765384.70400016,,,,
42168,5,5,OK,0.220878,1,1709573196207.4348,TimeOut,999.001363,4,0.0,TimeOut,999.000221,4,0.0,,,,
42853,4,6,OK,0.06590499999999999,0,87956916828.00017,OK,0.137756,0,87956916828.00017,OK,16.902618,1,118638895037.2782,,,,
43156,3,3,OK,0.03249,0,252000000.0000001,OK,0.225955,1,236087459.99999973,OK,0.070966,1,255149999.99999964,,,,
43385,3,3,OK,0.028508,0,44288400.0,OK,0.36333,1,44043413.94179997,OK,0.665967,2,44236483.05445194,,,,
43787,2,9,OK,0.049133,1,249999.99891099986,OK,0.067985,1,249999.99891099986,OK,0.047118,1,249999.98511599962,,,,
43803,2,3,OK,0.024887,1,333309.33820799994,OK,0.029285,1,335073.7468079996,OK,0.019457,1,339675.43075199967,,,,
43902,2,8,OK,0.046306,0,490320.0000000004,OK,0.050242,0,490320.0000000004,OK,0.2686,1,546234.11025,,,,
43903,2,8,OK,0.039755,0,430965.00000000023,OK,0.04821,0,430965.00000000023,OK,0.239775,1,468887.5392,,,,
43945,2,2,OK,0.020676,1,320684.31999999995,OK,0.020836,1,326382.8800000005,OK,0.013219,1,333333.2799999999,,,,
44326,3,6,OK,0.040925,0,421500000.0000001,OK,0.084521,0,421500000.0000001,OK,0.07312300000000001,0,673999999.9999996,,,,
44623,3,4,OK,0.028456,0,99142835.99999996,OK,0.30698800000000004,0,99939163.99999978,OK,0.100011,0,99939163.99999978,,,,
44698,3,4,OK,0.028738,0,164694815.99999982,OK,0.5682020000000001,1,188859078.97856995,OK,0.283529,1,189549518.76432,,,,
44872,2,4,OK,0.025863,0,403544.0000000002,OK,0.03137,0,403544.0000000002,OK,0.045726,1,403562.83016,,,,
44873,3,5,OK,0.04763,0,76972064.00000006,OK,0.74258,1,100622692.81075191,OK,1.322834,2,101713320.87945202,,,,
44901,3,6,OK,0.042674,0,209036784.00000057,OK,0.13844,0,238967424.00000012,OK,0.587276,1,241961878.14760745,,,,
44903,2,2,OK,0.019658,1,348970.92930000037,OK,0.023818,1,357289.787925,OK,0.016081,1,372920.4974879997,,,,
44904,2,2,OK,0.019897,0,519592.99999999977,OK,0.021269,0,519592.99999999977,OK,0.01319,0,519592.99999999977,,,,
44944,2,24,OK,0.131725,0,498624.0000000004,OK,0.143068,0,498624.0000000004,OK,0.176966,0,508500.0000000003,,,,
45049,6,3,OK,32.719829,3,74700046680691.8,TimeOut,999.000165,5,0.0,TimeOut,999.000459,5,0.0,,,,
45254,3,3,OK,0.097229,1,73656009.76664989,OK,0.681366,2,69642003.4614299,OK,0.516016,2,75770448.60780632,,,,
45421,4,5,OK,0.064243,0,7318466100.00001,OK,53.67951,2,11509221731.639278,OK,71.687381,3,12114594352.099577,,,,
45542,3,8,OK,0.07614299999999999,0,117239395.0,OK,0.330635,0,111890999.99999993,OK,1.809368,1,130531604.05600008,,,,
45918,2,2,OK,0.016277,0,424474.0000000002,OK,0.018659,0,424474.0000000002,OK,0.012804,0,424474.0000000002,,,,
45946,2,3,OK,0.02053,0,390000.0,OK,0.022848,0,390000.0,OK,0.015976,0,390000.0,,,,
45996,2,5,OK,0.033279,1,444727.6432319997,OK,0.037126,1,445103.57932799996,OK,0.032091,1,445538.5887679998,,,,
46450,2,2,OK,0.021978,0,447596.0,OK,0.02142,0,447596.0,OK,0.013168,0,447596.0,,,,
46549,3,7,OK,0.054110000000000005,0,218489652.0000004,OK,0.096519,0,218489652.0000004,OK,5.375933,1,259954112.93440527,,,,
47057,3,10,OK,0.087134,0,365975999.99999976,OK,0.169106,0,365975999.99999976,OK,0.783864,0,518580000.0,,,,
47059,3,13,OK,0.092803,0,83540624.99999997,OK,6.677397999999998,1,127500000.0000001,OK,4.546888,1,177499988.90625033,,,,
47061,3,13,OK,0.113912,0,201534374.99999985,OK,0.562177,0,242774999.9999997,OK,25.364612,1,479596590.1920008,,,,
47632,4,4,OK,0.05442,0,3906249999.999993,OK,0.116654,0,3906249999.999993,OK,0.038565,0,3906249999.999993,,,,
48273,2,3,OK,0.02697,0,455260.0,OK,0.026086,0,455260.0,OK,0.018224,0,455260.0,,,,
48710,5,7,OK,24.137142,2,34448084352000.09,OK,24.069115,2,34456423645440.01,OK,23.974498,2,34559896389119.99,,,,
48955,2,5,OK,0.032447000000000004,0,330600.0000000001,OK,0.051745000000000006,0,330600.0000000001,OK,0.111164,1,333942.1184000004,,,,
49090,5,9,OK,0.127557,0,2536703860895.999,TimeOut,999.001197,4,0.0,TimeOut,999.000949,4,0.0,,,,
49148,3,2,OK,0.022161,1,107122152.97600004,OK,0.041101,1,111222249.99999969,OK,0.028003,1,111222249.99999969,,,,
49243,2,4,OK,0.026672,0,288045.0000000002,OK,0.059028,0,288045.0000000002,OK,0.063952,1,288368.94239999994,,,,
50807,3,3,OK,0.157781,2,37037037.03625936,OK,0.253833,2,37037037.03625936,OK,0.153227,2,37037000.1849628,,,,
51346,3,2,OK,0.167299,2,51588787.5531,OK,0.275741,2,52749193.70700001,OK,0.165508,2,53199960.08670002,,,,
51364,2,2,OK,0.019987,1,249999.99999999985,OK,0.020864,1,249999.99999999985,OK,0.014041,1,249999.99999999985,,,,
52162,2,4,OK,0.032055,0,439999.9999999997,OK,0.029172000000000007,0,439999.9999999997,OK,0.056402,1,445371.87500000023,,,,
52270,4,2,OK,0.035961,3,4619810512.0159855,OK,0.05501,3,4593902001.962,OK,0.025952,3,4596660845.568003,,,,
52490,3,6,OK,0.042496,0,69382152.0,OK,0.06730499999999999,0,69382152.0,OK,0.035903,0,69382152.0,,,,
53343,4,5,OK,0.479733,1,11377358817.421318,OK,24.265049,2,12421308991.434065,OK,10.031622,2,13301775288.19921,,,,
53346,6,15,OK,0.920659,0,61492495601664.06,TimeOut,999.000141,5,0.0,TimeOut,999.000144,5,0.0,,,,
53347,2,3,OK,0.022909,1,332431.43874000036,OK,0.032587,1,333508.16446499986,OK,0.027943,1,339853.2101850001,,,,
53471,8,16,OK,1.950435,0,6.328125000000012e+18,TimeOut,999.000311,7,0.0,TimeOut,999.000113,7,0.0,,,,
53473,7,15,OK,0.717862,0,1.889999999999988e+17,TimeOut,999.000164,6,0.0,TimeOut,999.001119,6,0.0,,,,
53476,8,16,OK,2.716444,0,1.1390625000000018e+19,TimeOut,999.009262,7,0.0,TimeOut,999.000179,7,0.0,,,,
53479,7,15,TimeOut,999.00012,6,0.0,TimeOut,999.000181,6,0.0,TimeOut,999.000094,6,0.0,,,,
53489,8,16,OK,2.836705,0,1.8818451003980096e+18,TimeOut,999.000216,7,0.0,TimeOut,999.00012,7,0.0,,,,
53492,6,8,OK,0.184332,0,683999999999999.8,TimeOut,999.008887,5,0.0,TimeOut,999.000987,5,0.0,,,,
53493,6,9,OK,0.234515,0,2527200000000005.0,TimeOut,999.002749,5,0.0,TimeOut,999.000105,5,0.0,,,,
53607,2,4,OK,0.032625,1,328765.1300000003,OK,0.044733,1,328232.9700000003,OK,0.025085,1,329838.794,,,,
53608,2,4,OK,0.020737,0,384999.9999999997,OK,0.031416,0,384999.9999999997,OK,0.020228,0,384999.9999999997,,,,
53838,2,5,OK,0.029762,0,309520.0,OK,0.037776,0,309520.0,OK,0.025107,0,309520.0,,,,
54101,7,15,OK,3.023672,0,8334464118749954.0,TimeOut,999.000216,6,0.0,TimeOut,999.001891,6,0.0,,,,
54449,2,3,OK,0.023576,0,728363.9999999999,OK,0.034166,0,728363.9999999999,OK,0.030343,0,728363.9999999999,,,,
54614,2,3,OK,0.02362,1,400752.9469439999,OK,0.023539,1,400642.69593600003,OK,0.016738999999999997,1,400874.7456000003,,,,
54635,2,2,OK,0.01369,1,303985.1374000001,OK,0.02099,1,308888.8824000001,OK,0.017249,1,313620.0704,,,,
54789,3,4,OK,0.120225,1,55008213.01657496,OK,0.375774,1,53573972.81047509,OK,0.488993,2,61863429.40822813,,,,
54837,2,2,OK,0.020718,1,253290.37400000013,OK,0.021222,1,253285.22173500023,OK,0.014163999999999996,1,253305.71125999995,,,,
54930,2,2,OK,0.018067,0,499999.9999999997,OK,0.019115,0,499999.9999999997,OK,0.012673,0,499999.9999999997,,,,
54932,2,6,OK,0.033525,0,444888.9999999997,OK,0.040275,0,444888.9999999997,OK,0.115147,1,500001.11022400024,,,,
55095,2,6,OK,0.032435000000000005,0,499999.9999999997,OK,0.042411,0,499999.9999999997,OK,0.12951300000000002,1,500001.11022400024,,,,
55280,2,4,OK,0.031052,1,306229.9999999999,OK,0.031519,1,307635.30000000016,OK,0.025642,1,310083.19999999966,,,,
55294,2,6,OK,0.029669,0,419196.0000000004,OK,0.040129000000000005,0,419196.0000000004,OK,0.14127,1,422256.69955000037,,,,
55298,2,4,OK,0.023316,1,306229.9999999999,OK,0.027556,1,307635.30000000016,OK,0.031516,1,310083.19999999966,,,,
55331,2,2,OK,0.018183,0,693679.9999999998,OK,0.023101,0,693679.9999999998,OK,0.014229,0,693679.9999999998,,,,
55536,2,7,OK,0.038651,0,492999.99999999977,OK,0.046302,0,492999.99999999977,OK,0.102702,0,612800.9999999995,,,,
55538,2,8,OK,0.043184,0,631619.9999999994,OK,0.055636,0,631619.9999999994,OK,0.228449,1,674676.3239999991,,,,
55542,3,8,OK,0.069788,0,173109300.0,OK,0.174286,0,172583999.99999967,OK,0.183303,0,204111599.99999964,,,,
55545,3,4,OK,0.041515,0,116999999.99999976,OK,0.484654,1,120393159.00000006,OK,0.729032,2,129042324.81999992,,,,
55652,2,2,OK,0.025869,1,288524.6660999997,OK,0.022159,1,291630.9235839997,OK,0.021243,1,293859.5563090003,,,,
55716,3,2,OK,0.198105,2,37037009.25000004,OK,0.34820300000000004,2,37037009.25000004,OK,0.176395,2,37037009.25000004,,,,
55718,6,6,OK,202.158014,1,1030753646834398.8,TimeOut,999.001234,5,0.0,TimeOut,999.003093,5,0.0,,,,
55939,4,4,OK,0.057372,1,14945316825.60001,OK,1.792009,2,17649856484.614754,OK,8.758515,3,18343427233.394173,,,,
56190,5,2,OK,0.6573399999999999,3,2435811373138.501,OK,1.524938,3,2596361976562.4995,OK,0.581232,3,2596361976562.4995,,,,
56273,3,3,OK,0.029176,2,67227525.32823928,OK,0.03675,2,66812061.06731514,OK,0.022555,2,67584882.13125409,,,,
56730,3,7,OK,0.059165,0,125696324.0,OK,0.22502800000000006,0,147378231.00000012,OK,3.008962,1,196353417.1983998,,,,
56765,3,4,OK,0.053536,1,52000591.43999997,OK,0.202709,2,76703326.23535435,OK,0.102713,2,76703326.23535435,,,,
56815,3,3,OK,0.029202,0,242398139.9999999,OK,0.036073,0,242398139.9999999,OK,0.022663,0,242398139.9999999,,,,
56821,3,3,OK,0.028027,1,117116999.99999976,OK,0.192421,2,114999803.0999998,OK,0.112849,2,127037005.91999982,,,,
56986,4,8,OK,0.068635,0,16702594479.99997,OK,25.561826,1,23523369228.980183,OK,310.082503,2,26823751043.58293,,,,
56989,4,19,OK,2.058612,0,45569699280.000084,TimeOut,999.006238,3,0.0,TimeOut,999.000458,3,0.0,,,,
57366,3,3,OK,0.152969,1,40549608.84100202,OK,0.208148,1,40562556.969032,OK,0.10423,1,40588109.34115201,,,,
57369,3,4,OK,0.205437,2,39512355.48000005,OK,0.427978,2,39517367.95199999,OK,0.21671,2,39542131.01273399,,,,
57815,6,81,OK,17.783707999999994,0,370529081999999.1,TimeOut,999.286073,5,0.0,TimeOut,999.000206,5,0.0,,,,
57838,2,6,OK,0.038386,0,420168.00000000006,OK,0.061677,0,420168.00000000006,OK,0.137697,1,431204.41147299996,,,,
57962,3,3,OK,0.032766,1,45562488.30560008,OK,0.373049,2,45571243.94772597,OK,0.178953,2,46049081.04969478,,,,
57999,2,2,OK,0.017531,1,291000.59999999986,OK,0.018038,1,294018.38400000014,OK,0.013766,1,296484.3446400003,,,,
58080,2,2,OK,0.016319,0,463570.0,OK,0.019642,0,463570.0,OK,0.022113,0,463570.0,,,,
58427,6,2,OK,54.40805,4,44549747604155.0,OK,804.132525,4,265159976688048.9,OK,256.011107,4,266754920320428.1,,,,
58626,2,3,OK,0.022942,1,249999.99999999985,OK,0.03748,1,249999.99999999985,OK,0.027397,1,249999.99999999985,,,,
58689,3,4,OK,0.124869,1,72424770.88800004,OK,0.200828,1,71972098.60128003,OK,0.5158,2,99311953.86506504,,,,
58835,8,8,OK,0.27684699999999995,0,5.899616690476968e+18,OK,0.5938359999999999,0,5.899616690476968e+18,OK,0.276645,0,5.899616690476968e+18,,,,
58837,8,8,OK,0.241758,0,1.2046607999999969e+21,OK,264.837383,0,1.7256028160000015e+22,OK,168.067694,0,1.7256028160000015e+22,,,,
58838,8,8,OK,0.471984,0,2.442577801481088e+19,TimeOut,999.004046,7,0.0,TimeOut,999.000175,7,0.0,,,,
58841,8,8,OK,7.8327740000000015,0,2.442577801481088e+19,TimeOut,999.000095,7,0.0,TimeOut,999.000147,7,0.0,,,,
58941,3,11,OK,0.09417,0,181636000.0000001,OK,1.296781,0,220605840.0000006,OK,4.7019720000000005,1,229493904.55992013,,,,
58948,3,11,OK,0.113685,0,99931839.99999988,OK,1.604271,0,66064544.00000003,OK,5.009352,1,100302127.16628022,,,,
59396,2,3,OK,0.029656,0,581790.0000000007,OK,0.036249,0,581790.0000000007,OK,0.026694,0,581790.0000000007,,,,
59566,8,8,OK,0.403826,0,2.5024949999999988e+19,TimeOut,999.000108,7,0.0,TimeOut,999.000152,7,0.0,,,,
59567,8,8,OK,0.296844,0,1.876871250000001e+19,TimeOut,999.005028,7,0.0,TimeOut,999.001219,7,0.0,,,,
59568,8,8,OK,3.318835,1,6.516913019793736e+18,TimeOut,999.000599,7,0.0,TimeOut,999.000342,7,0.0,,,,
60270,3,4,OK,0.120795,1,91776249.68677504,OK,1.158768,2,112383550.67160018,OK,0.536217,2,117153486.33170308,,,,
60349,2,2,OK,0.016541,0,366025.0000000003,OK,0.024365,0,366025.0000000003,OK,0.013703,0,366025.0000000003,,,,
60906,2,2,OK,0.016101,0,534788.9999999999,OK,0.022631,0,534788.9999999999,OK,0.012425,0,534788.9999999999,,,,
61011,5,4,OK,15.164856,2,693082012944.526,TimeOut,999.000314,4,0.0,OK,858.202949,3,1538364255343.6636,,,,
61206,3,2,OK,0.028486,1,60819843.49694409,OK,0.30548200000000003,2,63938003.52268916,OK,0.18448,2,64695304.74480729,,,,
61239,3,2,OK,0.2099,2,53008990.12566428,OK,0.251186,2,55190724.89316859,OK,0.131581,2,56403852.56736576,,,,
61240,3,2,OK,0.124747,2,42898552.93746424,OK,0.200845,2,43023158.99163336,OK,0.121278,2,43050734.787153795,,,,
61241,3,2,OK,0.129262,2,39317890.05895213,OK,0.19956,2,39329750.54941459,OK,0.109448,2,39336216.57810428,,,,
61285,3,2,OK,0.116715,2,45965751.44890454,OK,0.254187,2,46429597.18608065,OK,0.118051,2,46875713.78722853,,,,
61376,3,2,OK,0.14593699999999998,2,41747324.59453056,OK,0.203835,2,41859541.04590545,OK,0.109169,2,41881567.68004808,,,,
61516,2,2,OK,0.021302,1,250996.88704000023,OK,0.020283,1,250995.3045600002,OK,0.014126,1,250997.33400000003,,,,
61518,6,6,OK,3.5080980000000004,1,1657336938718457.2,TimeOut,999.000324,5,0.0,TimeOut,999.00041,5,0.0,,,,
61771,3,8,OK,1.155749,2,37037030.86477397,OK,2.065326,2,37037030.86477397,OK,1.057672,2,37037003.80889944,,,,
62288,2,3,OK,0.026526,1,249999.99999999985,OK,0.026515,1,249999.99999999985,OK,0.019658,1,249999.99999999985,,,,
62468,3,10,OK,0.07460499999999999,0,80180999.99999991,OK,0.13561700000000002,0,80180999.99999991,OK,10.791206,2,83707043.53043216,,,,
63252,2,2,OK,0.018298,0,249999.99999999985,OK,0.028917,0,249999.99999999985,OK,0.021942,0,249999.99999999985,,,,
63260,3,4,OK,0.047497,0,157933879.99999976,OK,0.084357,0,157933879.99999976,OK,0.032745,0,157933879.99999976,,,,
63775,2,2,OK,0.020216,1,249999.98745600012,OK,0.022131,1,249999.98745600012,OK,0.014431,1,249999.98745600012,,,,
64043,2,5,OK,0.038921,0,460055.00000000006,OK,0.042008,0,460055.00000000006,OK,0.103855,1,478407.4638700002,,,,
64044,2,5,OK,0.03805,0,387882.00000000006,OK,0.038494,0,387882.00000000006,OK,0.105413,1,390713.8725119997,,,,
64536,2,29,OK,0.167142,0,335335.99999999977,OK,0.207407,0,335335.99999999977,OK,0.522844,1,341314.8942720001,,,,
64779,6,9,OK,0.163742,0,1099239716815130.8,OK,490.478956,0,2102285488842007.5,TimeOut,999.000563,5,0.0,,,,
65533,2,72,OK,0.456725,0,445000.00000000023,OK,0.714983,0,445000.00000000023,OK,18.148557,1,616128.6912000002,,,,
65540,3,4,OK,0.041881,0,139772304.00000003,OK,0.233035,0,204899184.0,OK,0.088784,0,204899184.0,,,,
66077,3,4,OK,0.075171,0,95999999.99999994,OK,0.696533,1,90685319.9999998,OK,0.82686,2,100055237.39999986,,,,
66082,2,2,OK,0.017659,0,449558.00000000023,OK,0.019556,0,449558.00000000023,OK,0.012999,0,449558.00000000023,,,,
66083,2,2,OK,0.023705,0,249999.99999999985,OK,0.027117,0,249999.99999999985,OK,0.01737,0,249999.99999999985,,,,
66163,2,2,OK,0.023258,1,307947.5693,OK,0.029033,1,313250.7917000002,OK,0.0239,1,318761.3597,,,,
66239,2,5,OK,0.038783,0,439147.00000000023,OK,0.036683,0,439147.00000000023,OK,0.14046199999999998,1,439255.4165120004,,,,
66633,4,4,OK,0.080497,1,10431187199.999979,OK,9.144541,2,15097729919.99998,OK,3.640032,2,15119999999.999962,,,,
66708,2,2,OK,0.021046,0,249999.99999999985,OK,0.026817,0,249999.99999999985,OK,0.018396,0,249999.99999999985,,,,
67088,2,3,OK,0.028384,0,459359.9999999997,OK,0.037292,0,459359.9999999997,OK,0.018134,0,459359.9999999997,,,,
67500,6,7,TimeOut,999.000556,5,0.0,TimeOut,999.002272,5,0.0,TimeOut,999.000497,5,0.0,,,,
67519,7,35,OK,3.213073,0,1.9691355571200013e+17,TimeOut,999.002927,6,0.0,TimeOut,999.001954,6,0.0,,,,
67599,3,5,OK,0.0506,1,103092709.40986504,OK,0.08707999999999999,1,105645552.15462492,OK,0.034712,1,107295682.8124999,,,,
68431,2,7,OK,0.035476,1,291336.18930399994,OK,0.046678,1,291383.3985140001,OK,0.031338,1,291853.80174599995,,,,
68518,2,2,OK,0.017601,0,572800.0000000005,OK,0.01951,0,572800.0000000005,OK,0.013324,0,572800.0000000005,,,,
68686,2,2,OK,0.017606999999999998,0,999999.9999999995,OK,0.021735,0,999999.9999999995,OK,0.018817,0,999999.9999999995,,,,
69339,3,4,OK,0.061058,0,120665999.99999994,OK,0.785859,1,166728930.2879997,OK,1.46842,2,195184584.3189756,,,,
69406,3,5,OK,0.038173,0,299999999.9999998,OK,0.066843,0,299999999.9999998,OK,0.032112,0,299999999.9999998,,,,
69451,2,4,OK,0.026114,0,701844.0000000005,OK,0.030347,0,701844.0000000005,OK,0.028933,0,701844.0000000005,,,,
69966,3,6,OK,0.041986,0,102193558.00000024,OK,0.634209,1,98861180.24985597,OK,0.958603,2,110206617.56135485,,,,
69967,3,6,OK,0.054276,0,62128907.99999996,OK,0.08355499999999999,0,62128907.99999996,OK,1.646224,2,62413287.35937601,,,,
70347,8,8,TimeOut,999.000136,7,0.0,TimeOut,999.00017,7,0.0,TimeOut,999.000091,7,0.0,,,,
70432,3,4,OK,0.035462,0,79999999.99999993,OK,0.215895,1,80663600.0,OK,0.16314,1,85333328.0000001,,,,
70824,2,55,OK,0.214016,0,516000.0000000004,OK,0.365451,0,516000.0000000004,OK,2.415482,0,748104.0000000005,,,,
70849,3,4,OK,0.029764,0,119999999.99999982,OK,0.046469,0,119999999.99999982,OK,0.324313,1,124999920.0,,,,
71401,5,7,OK,0.08005,0,15030000000000.008,TimeOut,999.002225,4,0.0,TimeOut,999.001123,4,0.0,,,,
71443,4,3,OK,0.039916,1,30971031338.239983,OK,0.877403,2,27454129040.000042,OK,0.658996,2,31666650432.560036,,,,
71512,5,3,OK,0.143247,2,1700356476458.9749,OK,829.3983509999998,4,2361300162459.0747,OK,299.540488,4,2407708335880.561,,,,
71687,2,3,OK,0.023519,0,735000.0000000003,OK,0.032261,0,735000.0000000003,OK,0.028697000000000007,0,735000.0000000003,,,,
71688,2,2,OK,0.017678,0,647010.0000000003,OK,0.022024,0,647010.0000000003,OK,0.013917,0,647010.0000000003,,,,
71689,2,2,OK,0.016499,0,249999.99999999985,OK,0.018833000000000003,0,249999.99999999985,OK,0.012916,0,249999.99999999985,,,,
71690,7,8,OK,2.958526,0,1.5419840624999994e+17,TimeOut,4599.000551,6,0.0,TimeOut,999.01333,6,0.0,,,,
71851,2,2,OK,0.016572999999999997,1,249999.99999999985,OK,0.024387,1,249999.99999999985,OK,0.022051,1,249999.99999999985,,,,
72149,5,7,OK,1.510921,1,3689559719999.995,TimeOut,999.001245,4,0.0,TimeOut,999.000173,4,0.0,,,,
73051,2,2,OK,0.017254,1,336255.95678400033,OK,0.045683,1,343517.0365440001,OK,0.022784,1,354838.70822400023,,,,
73052,3,4,OK,0.039389,0,340520999.99999905,OK,0.060635,0,340520999.99999905,OK,0.025852,0,340520999.99999905,,,,
73381,8,8,OK,0.46056,0,1.9264678342285115e+18,TimeOut,999.004475,7,0.0,TimeOut,999.000153,7,0.0,,,,
73387,8,8,OK,63.534615,0,8.605990496053084e+17,TimeOut,999.000096,7,0.0,TimeOut,999.000155,7,0.0,,,,
73412,4,8,OK,0.087986,0,37285250000.000114,OK,1.232926,0,84498750000.00009,OK,116.710544,2,91248634979.36977,,,,
73418,8,8,OK,377.361274,0,2.2506489987314207e+18,TimeOut,999.005518,7,0.0,TimeOut,999.00011,7,0.0,,,,
73687,2,3,OK,0.024179,0,349999.9999999995,OK,0.052417999999999985,0,349999.9999999995,OK,0.024484,0,349999.9999999995,,,,
73727,2,11,OK,0.051173,0,355992.00000000006,OK,0.085383,0,355992.00000000006,OK,0.13087200000000002,1,358800.9480159997,,,,
73728,2,10,OK,0.068017,0,379571.99999999977,OK,0.071052,0,379571.99999999977,OK,0.078315,1,382542.18030400015,,,,
73758,2,3,OK,0.022479,0,249999.99999999985,OK,0.02174,0,249999.99999999985,OK,0.016517,0,249999.99999999985,,,,
73760,2,3,OK,0.033885000000000005,0,296500.0,OK,0.022704,0,296500.0,OK,0.033705,0,303019.99999999965,,,,
73761,2,2,OK,0.017445,1,249999.93749999985,OK,0.020022,1,249999.93749999985,OK,0.01264,1,249999.93749999985,,,,
73762,3,6,OK,0.041743,2,42458407.84237471,OK,0.069327,2,42474390.86448003,OK,0.074555,2,43474815.81510955,,,,
73776,3,6,OK,1.1285379999999998,2,45483169.71401607,OK,2.28823,2,45825935.83600006,OK,1.049479,2,46115929.77992006,,,,
73933,3,3,OK,0.024312,1,53008227.56088004,OK,0.380673,2,54230308.36134913,OK,0.215935,2,55407102.00652083,,,,
74357,2,3,OK,0.020658000000000003,0,999999.9999999995,OK,0.021989,0,999999.9999999995,OK,0.015975,0,999999.9999999995,,,,
74390,4,4,OK,0.071848,2,62499999999.99992,OK,0.111511,2,62499999999.99992,OK,0.068812,2,62499999999.99992,,,,
74624,3,4,OK,0.031643,0,143613960.00000027,OK,0.123641,0,150047100.00000027,OK,0.241719,1,153053474.11200017,,,,
74790,2,4,OK,0.027619,1,306229.9999999999,OK,0.028102,1,307635.30000000016,OK,0.021593,1,310083.19999999966,,,,
74818,2,4,OK,0.028878,1,306229.9999999999,OK,0.027542,1,307635.30000000016,OK,0.021391,1,310083.19999999966,,,,
74843,2,4,OK,0.02116,1,306229.9999999999,OK,0.027559,1,307635.30000000016,OK,0.019869,1,310083.19999999966,,,,
75003,2,10,OK,0.044241,0,342680.0000000003,OK,0.062959,0,342680.0000000003,OK,0.117649,1,358710.2680000004,,,,
75004,2,10,OK,0.058929,0,349999.9999999995,OK,0.061504,0,349999.9999999995,OK,0.080002,0,384999.9999999997,,,,
75005,2,4,OK,0.027166000000000003,0,449999.99999999953,OK,0.028005,0,449999.99999999953,OK,0.041027,1,462857.0624999997,,,,
75234,4,2,OK,0.045503,2,5273101226.536054,OK,0.090155,2,5284811249.9999895,OK,0.042375,2,5284811249.9999895,,,,
75456,2,4,OK,0.022197,1,249999.9599999997,OK,0.028024,1,249999.9599999997,OK,0.024601,1,249999.84000000003,,,,
75469,2,4,OK,0.024843,1,249999.79750000025,OK,0.027828,1,249999.79750000025,OK,0.021518,1,249999.79750000025,,,,
75883,2,2,OK,0.032667,1,249999.9599999997,OK,0.017554,1,249999.9599999997,OK,0.013357,1,249999.84000000003,,,,
76342,7,10,TimeOut,999.000148,6,0.0,TimeOut,999.000114,6,0.0,TimeOut,999.00009,6,0.0,,,,
76442,4,5,OK,0.059782,0,59999999999.99978,OK,0.215902,0,95999999999.99992,OK,0.07449,0,95999999999.99992,,,,
76472,3,3,OK,0.022786,1,199795200.00000042,OK,0.052578,1,199372799.99999967,OK,0.021441,1,200000000.0,,,,
76809,2,5,OK,0.034835000000000005,1,249999.99999999985,OK,0.049396,1,249999.99999999985,OK,0.026035000000000003,1,249999.99999999985,,,,
76841,4,4,OK,33.210840000000005,3,4022609059.9057326,OK,89.413859,3,4073061011.0221314,OK,38.63655,3,4073260130.5433054,,,,
76882,3,4,OK,0.031813,0,91280405.99999988,OK,0.309922,1,91128828.90216018,OK,1.043689,2,98569161.11980562,,,,
77474,3,2,OK,0.021251,1,83291624.99999997,OK,0.310373,2,105625203.75,OK,0.177713,2,111111027.74999984,,,,
77631,4,2,OK,0.040838,2,9063179462.448013,OK,1.241333,3,10654600713.408257,OK,0.537324,3,10944192903.738907,,,,
77657,4,4,OK,0.034972,0,3906249999.999993,OK,0.088603,0,3906249999.999993,OK,0.031911,0,3906249999.999993,,,,
77661,5,5,OK,0.058596,0,559999999999.9984,OK,0.126582,0,559999999999.9984,OK,0.047576,0,559999999999.9984,,,,
77718,3,4,OK,0.037484,1,128548799.99999988,OK,0.046693,1,140950799.99999994,OK,0.314774,2,147888863.2199998,,,,
77832,2,6,OK,0.035674000000000004,0,540826.0,OK,0.037898,0,540826.0,OK,0.02585,0,540826.0,,,,
78497,3,4,OK,0.032123,0,86544922.99999979,OK,0.045685,0,86544922.99999979,OK,0.102822,1,87162248.33313002,,,,
78501,3,6,OK,0.039622,0,81507855.0,OK,0.21696,0,124117120.00000004,OK,3.061491,2,130923532.07607068,,,,
78526,2,9,OK,0.055394000000000006,1,302908.0684899997,OK,0.056170000000000005,1,303109.1309999997,OK,0.037488,1,303246.71900000004,,,,
78557,2,2,OK,0.013453,1,256793.0967400003,OK,0.019784,1,256806.23135999983,OK,0.012441,1,256871.60615999988,,,,
78907,5,5,OK,0.055707000000000007,0,2512729018800.001,OK,1.668051,0,2522001081600.005,OK,0.672323,0,2522001081600.005,,,,
79362,5,18,OK,0.29975,0,1964797080000.0063,TimeOut,999.002942,4,0.0,TimeOut,999.000468,4,0.0,,,,
79365,3,4,OK,0.042302,1,82078616.58064197,OK,0.094494,1,82714566.18645005,OK,0.602061,2,94932718.48815352,,,,
79493,2,7,OK,0.04606,0,468519.99999999953,OK,0.081217,0,468519.99999999953,OK,0.086297,0,589774.9999999998,,,,
79548,2,10,OK,0.049352,0,563435.9999999999,OK,0.06323,0,563435.9999999999,OK,0.194958,1,566919.7218149999,,,,
79564,2,8,OK,0.046945,0,488988.0,OK,0.056926,0,488988.0,OK,0.053898,0,488988.0,,,,